date,total_expense_vnd,share_food,share_transport,share_shopping,share_bills,share_other
2021-01-01,359199,0.322417,0.168702,0.087584,0.306408,0.114889
2021-01-02,332461,0.40731,0.148854,0.218691,0.119506,0.10564
2021-01-03,199311,0.434505,0.12847,0.223658,0.093471,0.119896
2021-01-04,124097,0.352033,0.204443,0.148369,0.141034,0.15412
2021-01-05,148830,0.350574,0.176573,0.184792,0.137679,0.150383
2021-01-06,167965,0.34388,0.173713,0.199594,0.125582,0.157231
2021-01-07,158194,0.348171,0.210411,0.172384,0.143911,0.125123
2021-01-08,119872,0.35432,0.152718,0.184502,0.171196,0.137264
2021-01-09,178183,0.4118,0.133251,0.201005,0.110776,0.143169
2021-01-10,278830,0.423131,0.113736,0.207598,0.130087,0.125448
2021-01-11,125633,0.348795,0.173926,0.165263,0.141184,0.17083
2021-01-12,125989,0.371912,0.186215,0.176839,0.129204,0.13583
2021-01-13,242111,0.343053,0.182185,0.182088,0.157515,0.135159
2021-01-14,142895,0.347057,0.172018,0.188787,0.14563,0.146507
2021-01-15,185654,0.374258,0.166772,0.161133,0.157661,0.140176
2021-01-16,233694,0.421902,0.13099,0.23447,0.095152,0.117487
2021-01-17,219035,0.438289,0.131944,0.199081,0.099955,0.130731
2021-01-18,83053,0.361582,0.17783,0.167119,0.190815,0.102654
2021-01-19,149854,0.379526,0.200572,0.148783,0.145417,0.125703
2021-01-20,152835,0.355945,0.181247,0.169046,0.146958,0.146805
2021-01-21,168311,0.378099,0.157287,0.167036,0.160809,0.136769
2021-01-22,142120,0.349552,0.1752,0.190339,0.150788,0.134121
2021-01-23,215982,0.41012,0.127073,0.243193,0.082723,0.136891
2021-01-24,212907,0.404623,0.128326,0.2351,0.13791,0.09404
2021-01-25,142906,0.348079,0.17985,0.16079,0.154441,0.15684
2021-01-26,109776,0.361277,0.161839,0.190578,0.149168,0.137138
2021-01-27,255920,0.342204,0.164971,0.164876,0.17218,0.155769
2021-01-28,218623,0.357373,0.188882,0.177096,0.116764,0.159885
2021-01-29,220143,0.328489,0.170096,0.171214,0.152348,0.177853
2021-01-30,242152,0.422571,0.153101,0.23666,0.093667,0.094001
2021-01-31,185526,0.415781,0.115643,0.221838,0.114242,0.132497
2021-02-01,319183,0.303576,0.131419,0.152841,0.300239,0.111926
2021-02-02,191249,0.407887,0.167368,0.162915,0.133219,0.128611
2021-02-03,230159,0.380517,0.172306,0.146001,0.148342,0.152834
2021-02-04,297042,0.344537,0.180377,0.199066,0.129755,0.146264
2021-02-05,268789,0.371504,0.157035,0.283279,0.124661,0.063521
2021-02-06,410890,0.479613,0.122959,0.281608,0.058717,0.057103
2021-02-07,369277,0.461122,0.099956,0.284239,0.071439,0.083244
2021-02-08,214061,0.412367,0.159821,0.249546,0.081143,0.097123
2021-02-09,340645,0.404041,0.15464,0.237891,0.099589,0.103839
2021-02-10,274993,0.357988,0.17253,0.277463,0.106592,0.085428
2021-02-11,314527,0.417495,0.161211,0.238387,0.0758,0.107106
2021-02-12,77701,0.396714,0.220046,0.134093,0.123137,0.126009
2021-02-13,135840,0.473686,0.188616,0.137993,0.086209,0.113496
2021-02-14,111389,0.509512,0.187549,0.139384,0.068672,0.094884
2021-02-15,101688,0.424574,0.231016,0.094976,0.139692,0.109741
2021-02-16,130713,0.43328,0.185956,0.172314,0.104203,0.104247
2021-02-17,136154,0.470281,0.231021,0.08718,0.089542,0.121976
2021-02-18,113782,0.373825,0.178703,0.164418,0.147769,0.135285
2021-02-19,144163,0.367638,0.191819,0.186712,0.138761,0.11507
2021-02-20,203963,0.430215,0.10818,0.227561,0.114169,0.119876
2021-02-21,137994,0.402636,0.1312,0.217029,0.1271,0.122035
2021-02-22,111665,0.3591,0.179366,0.185482,0.143418,0.132634
2021-02-23,98256,0.339579,0.182299,0.189807,0.155467,0.132848
2021-02-24,109338,0.350502,0.146435,0.188163,0.162088,0.152813
2021-02-25,78272,0.38901,0.157979,0.210463,0.113931,0.128616
2021-02-26,146258,0.367308,0.14778,0.171271,0.173467,0.140175
2021-02-27,117475,0.407637,0.119985,0.232957,0.12525,0.114171
2021-02-28,119108,0.440822,0.119446,0.188635,0.130283,0.120815
2021-03-01,126431,0.30732,0.168239,0.084287,0.332557,0.107596
2021-03-02,144842,0.359599,0.159104,0.183012,0.144734,0.15355
2021-03-03,182984,0.392446,0.197458,0.12302,0.132857,0.154219
2021-03-04,178823,0.350136,0.174735,0.224545,0.104205,0.14638
2021-03-05,142336,0.322864,0.161884,0.176538,0.151404,0.18731
2021-03-06,273854,0.390645,0.120937,0.22236,0.152415,0.113643
2021-03-07,187954,0.420003,0.156855,0.186306,0.127003,0.109834
2021-03-08,132862,0.363811,0.168742,0.165958,0.161704,0.139784
2021-03-09,149171,0.349013,0.162938,0.165627,0.182674,0.139749
2021-03-10,140235,0.345555,0.169252,0.169503,0.169056,0.146634
2021-03-11,114848,0.363534,0.166443,0.16461,0.161606,0.143807
2021-03-12,142481,0.340516,0.181647,0.168204,0.161708,0.147925
2021-03-13,177427,0.480389,0.12894,0.196151,0.091379,0.103141
2021-03-14,126211,0.414562,0.131674,0.226795,0.103462,0.123507
2021-03-15,108239,0.364707,0.170169,0.172183,0.153907,0.139035
2021-03-16,126891,0.35396,0.179027,0.178477,0.144222,0.144315
2021-03-17,204186,0.338524,0.148571,0.190615,0.176543,0.145746
2021-03-18,168134,0.387142,0.173983,0.177815,0.128886,0.132174
2021-03-19,140967,0.360699,0.201042,0.184938,0.125925,0.127396
2021-03-20,170701,0.423565,0.136819,0.183788,0.097144,0.158684
2021-03-21,178738,0.422686,0.106102,0.234898,0.131297,0.105018
2021-03-22,88912,0.366251,0.155501,0.187285,0.134746,0.156216
2021-03-23,149304,0.393144,0.147572,0.142268,0.142475,0.174541
2021-03-24,142543,0.328981,0.198932,0.17574,0.170464,0.125883
2021-03-25,162662,0.374674,0.157858,0.173538,0.149081,0.144849
2021-03-26,114243,0.368181,0.159872,0.17313,0.15055,0.148268
2021-03-27,189505,0.397195,0.088283,0.230252,0.12695,0.15732
2021-03-28,145656,0.407253,0.103584,0.219436,0.14639,0.123336
2021-03-29,122328,0.371173,0.196224,0.190791,0.159456,0.082357
2021-03-30,76556,0.377617,0.15586,0.204566,0.140279,0.121678
2021-03-31,146262,0.355067,0.169351,0.199728,0.147161,0.128694
2021-04-01,191669,0.251244,0.17748,0.137678,0.331981,0.101617
2021-04-02,237869,0.343713,0.19042,0.185251,0.14326,0.137356
2021-04-03,293114,0.418943,0.095037,0.220764,0.14714,0.118116
2021-04-04,226005,0.386169,0.12964,0.1952,0.156093,0.132898
2021-04-05,155090,0.356718,0.179311,0.204604,0.130659,0.128707
2021-04-06,167902,0.375658,0.180918,0.143805,0.15529,0.144328
2021-04-07,196701,0.332987,0.188684,0.175175,0.133827,0.169326
2021-04-08,223304,0.36321,0.184021,0.134895,0.168977,0.148898
2021-04-09,231170,0.340684,0.187686,0.183152,0.152607,0.13587
2021-04-10,186674,0.421506,0.137788,0.210247,0.133076,0.097383
2021-04-11,252746,0.432448,0.135307,0.198329,0.108593,0.125323
2021-04-12,156173,0.339095,0.177022,0.184589,0.147982,0.151312
2021-04-13,139925,0.332879,0.205818,0.204681,0.114965,0.141657
2021-04-14,246309,0.391635,0.203695,0.128041,0.141968,0.134661
2021-04-15,150421,0.357938,0.201739,0.166301,0.143566,0.130456
2021-04-16,121897,0.347212,0.191125,0.166957,0.163139,0.131568
2021-04-17,227153,0.376354,0.132086,0.254403,0.10274,0.134416
2021-04-18,203561,0.411367,0.137069,0.209975,0.109306,0.132283
2021-04-19,125759,0.362677,0.141865,0.16873,0.167106,0.159623
2021-04-20,183498,0.33883,0.190432,0.202362,0.13103,0.137345
2021-04-21,265640,0.356466,0.151077,0.216831,0.153166,0.12246
2021-04-22,108872,0.385918,0.164534,0.167338,0.126287,0.155924
2021-04-23,156504,0.316487,0.208377,0.153689,0.137889,0.183558
2021-04-24,181309,0.430005,0.120758,0.245637,0.110084,0.093516
2021-04-25,130776,0.420937,0.135017,0.185394,0.130106,0.128546
2021-04-26,94173,0.337955,0.207542,0.161627,0.137575,0.155302
2021-04-27,154662,0.370331,0.190131,0.147943,0.156751,0.134844
2021-04-28,154876,0.337392,0.151147,0.182207,0.152279,0.176975
2021-04-29,156961,0.346938,0.210936,0.136688,0.133677,0.171761
2021-04-30,161381,0.399597,0.167827,0.147766,0.142622,0.142188
2021-05-01,384854,0.357643,0.100744,0.145012,0.298126,0.098475
2021-05-02,248795,0.381161,0.137786,0.2109,0.147007,0.123146
2021-05-03,145379,0.339171,0.203128,0.188022,0.144435,0.125243
2021-05-04,153461,0.348581,0.186647,0.162023,0.165271,0.137478
2021-05-05,236586,0.341259,0.201953,0.176442,0.11412,0.166226
2021-05-06,152320,0.387308,0.162341,0.177163,0.154642,0.118546
2021-05-07,178548,0.350517,0.157425,0.152722,0.152819,0.186516
2021-05-08,199924,0.419193,0.110522,0.242409,0.102017,0.125858
2021-05-09,278103,0.411521,0.149424,0.21735,0.094868,0.126838
2021-05-10,153639,0.340214,0.194222,0.165762,0.147501,0.152301
2021-05-11,241174,0.354361,0.159467,0.200943,0.141611,0.143618
2021-05-12,121331,0.363844,0.192624,0.146995,0.14478,0.151757
2021-05-13,139898,0.397627,0.216199,0.14941,0.113386,0.123377
2021-05-14,243994,0.318743,0.170749,0.199688,0.15298,0.157839
2021-05-15,222137,0.43945,0.109606,0.176211,0.109656,0.165077
2021-05-16,286379,0.409428,0.102201,0.214203,0.131087,0.14308
2021-05-17,141968,0.325538,0.166864,0.180306,0.16687,0.160423
2021-05-18,143991,0.34708,0.199701,0.197222,0.152701,0.103296
2021-05-19,116472,0.35375,0.191279,0.176739,0.140157,0.138075
2021-05-20,179437,0.336474,0.174376,0.195637,0.145517,0.147995
2021-05-21,169547,0.382472,0.179329,0.159464,0.158642,0.120093
2021-05-22,197456,0.375082,0.139386,0.258157,0.090726,0.136649
2021-05-23,170035,0.402542,0.123554,0.221418,0.133325,0.119161
2021-05-24,119018,0.365334,0.197388,0.146071,0.133964,0.157243
2021-05-25,227109,0.352432,0.184774,0.152091,0.160079,0.150624
2021-05-26,130869,0.327004,0.202908,0.192295,0.159085,0.118707
2021-05-27,112788,0.335731,0.200902,0.156581,0.132359,0.174427
2021-05-28,108177,0.351843,0.151818,0.170639,0.180291,0.145409
2021-05-29,184408,0.444497,0.12968,0.217651,0.090933,0.11724
2021-05-30,244248,0.414653,0.134246,0.198433,0.124779,0.127889
2021-05-31,149184,0.390113,0.203318,0.168365,0.129927,0.108277
2021-06-01,214883,0.28207,0.144729,0.107268,0.33529,0.130644
2021-06-02,150805,0.328957,0.160379,0.187888,0.175659,0.147117
2021-06-03,242917,0.348763,0.165094,0.163042,0.176459,0.146642
2021-06-04,208067,0.352631,0.17398,0.190417,0.138998,0.143975
2021-06-05,293001,0.411957,0.119749,0.232159,0.119337,0.116798
2021-06-06,222671,0.433255,0.118509,0.179985,0.119098,0.149153
2021-06-07,154359,0.357859,0.176541,0.15026,0.146773,0.168566
2021-06-08,184096,0.398522,0.166988,0.186808,0.139537,0.108146
2021-06-09,153296,0.360477,0.159452,0.153094,0.172974,0.154002
2021-06-10,240818,0.357291,0.178608,0.161807,0.14282,0.159474
2021-06-11,199960,0.341613,0.17526,0.186264,0.129625,0.167238
2021-06-12,279883,0.427118,0.165527,0.187079,0.077131,0.143146
2021-06-13,176648,0.370539,0.130502,0.218966,0.150156,0.129837
2021-06-14,128866,0.354553,0.167827,0.156879,0.158659,0.162083
2021-06-15,104196,0.378056,0.182843,0.186555,0.126996,0.125549
2021-06-16,147103,0.36652,0.176437,0.166204,0.160954,0.129885
2021-06-17,111120,0.367164,0.158964,0.179249,0.165123,0.1295
2021-06-18,163892,0.356643,0.195786,0.17246,0.121852,0.15326
2021-06-19,275858,0.413461,0.135113,0.209625,0.084602,0.1572
2021-06-20,226528,0.436093,0.121496,0.177269,0.142635,0.122508
2021-06-21,207544,0.348144,0.177524,0.175186,0.143259,0.155887
2021-06-22,142875,0.35166,0.165704,0.203676,0.143108,0.135851
2021-06-23,155184,0.330242,0.17005,0.177529,0.147585,0.174594
2021-06-24,157048,0.346716,0.154757,0.192701,0.133564,0.172262
2021-06-25,119016,0.382058,0.173818,0.167616,0.122604,0.153904
2021-06-26,259725,0.404289,0.132934,0.205319,0.1236,0.133858
2021-06-27,140220,0.389629,0.132932,0.23893,0.102942,0.135567
2021-06-28,152064,0.352496,0.163314,0.171307,0.163926,0.148957
2021-06-29,183984,0.317083,0.215582,0.175623,0.127371,0.164341
2021-06-30,130951,0.366707,0.184374,0.126756,0.169909,0.152254
2021-07-01,251911,0.264379,0.175215,0.106747,0.325863,0.127796
2021-07-02,216523,0.33015,0.188109,0.1828,0.14943,0.149512
2021-07-03,294342,0.388751,0.119524,0.246493,0.106099,0.139133
2021-07-04,210913,0.435865,0.122016,0.224208,0.115197,0.102714
2021-07-05,165198,0.383673,0.171491,0.166154,0.139491,0.139192
2021-07-06,204694,0.36011,0.175965,0.150031,0.171236,0.142657
2021-07-07,166332,0.341885,0.198592,0.187384,0.151115,0.121024
2021-07-08,132172,0.322593,0.204215,0.159627,0.147246,0.166318
2021-07-09,281970,0.359947,0.147771,0.181249,0.157927,0.153107
2021-07-10,223847,0.38988,0.135186,0.239266,0.11468,0.120989
2021-07-11,233900,0.402385,0.12521,0.220667,0.100528,0.15121
2021-07-12,157582,0.376058,0.155811,0.184511,0.130424,0.153195
2021-07-13,131061,0.345156,0.213723,0.150633,0.144526,0.145961
2021-07-14,217888,0.382975,0.20082,0.150558,0.141077,0.12457
2021-07-15,141179,0.379612,0.173807,0.147734,0.137768,0.161078
2021-07-16,162593,0.351975,0.165733,0.156063,0.155134,0.171095
2021-07-17,203158,0.413437,0.099421,0.233393,0.108275,0.145473
2021-07-18,172952,0.432046,0.148557,0.190378,0.100975,0.128043
2021-07-19,133155,0.362305,0.163386,0.163912,0.140181,0.170216
2021-07-20,209441,0.376881,0.183394,0.185241,0.11136,0.143125
2021-07-21,127883,0.359359,0.180132,0.163066,0.148028,0.149415
2021-07-22,131278,0.353215,0.178007,0.163606,0.145076,0.160096
2021-07-23,238175,0.350585,0.172377,0.209884,0.164795,0.102359
2021-07-24,267605,0.37329,0.144203,0.239142,0.117501,0.125865
2021-07-25,229391,0.427076,0.13457,0.178692,0.110043,0.149619
2021-07-26,145645,0.361279,0.207145,0.172217,0.130377,0.128983
2021-07-27,210759,0.3349,0.201506,0.174134,0.138497,0.150963
2021-07-28,143260,0.337228,0.198272,0.195695,0.13576,0.133046
2021-07-29,258227,0.353951,0.19174,0.154176,0.126008,0.174125
2021-07-30,133348,0.342676,0.204354,0.18257,0.136298,0.134102
2021-07-31,224895,0.432637,0.124856,0.204554,0.141941,0.096013
2021-08-01,433648,0.392577,0.091084,0.151427,0.280183,0.084729
2021-08-02,328996,0.371439,0.203176,0.197539,0.112703,0.115142
2021-08-03,180496,0.361294,0.145183,0.184514,0.14138,0.167628
2021-08-04,180083,0.365227,0.183638,0.177195,0.14093,0.13301
2021-08-05,214554,0.372958,0.172229,0.191335,0.114839,0.148638
2021-08-06,218761,0.374561,0.186685,0.158383,0.128924,0.151446
2021-08-07,220647,0.430654,0.109833,0.210387,0.121699,0.127427
2021-08-08,242164,0.42945,0.100392,0.16334,0.14618,0.160638
2021-08-09,195638,0.385706,0.178442,0.120963,0.141949,0.172939
2021-08-10,157754,0.355198,0.197652,0.169299,0.1425,0.13535
2021-08-11,160454,0.344351,0.196377,0.196284,0.129133,0.133855
2021-08-12,203107,0.353985,0.143526,0.220687,0.130439,0.151364
2021-08-13,189362,0.369057,0.177653,0.183956,0.116968,0.152366
2021-08-14,200173,0.40684,0.135926,0.211196,0.128843,0.117195
2021-08-15,345111,0.411957,0.123594,0.208896,0.132911,0.122642
2021-08-16,184494,0.351438,0.185778,0.163878,0.173377,0.125528
2021-08-17,127911,0.350971,0.166412,0.176535,0.158213,0.147869
2021-08-18,143378,0.382107,0.159161,0.176106,0.143344,0.139282
2021-08-19,147999,0.368781,0.193277,0.118332,0.174155,0.145455
2021-08-20,185798,0.328543,0.200411,0.203186,0.120748,0.147112
2021-08-21,235159,0.424047,0.110777,0.209116,0.125549,0.130511
2021-08-22,346060,0.388104,0.129446,0.209781,0.139777,0.132891
2021-08-23,166303,0.327988,0.18257,0.163493,0.149869,0.17608
2021-08-24,184563,0.342139,0.171197,0.174488,0.154436,0.157741
2021-08-25,129955,0.398204,0.188717,0.163299,0.117914,0.131867
2021-08-26,103764,0.393314,0.188827,0.190251,0.12822,0.099389
2021-08-27,166442,0.37038,0.184035,0.184977,0.150712,0.109896
2021-08-28,213578,0.463718,0.127813,0.174155,0.119369,0.114946
2021-08-29,207919,0.481133,0.106156,0.173796,0.140107,0.098809
2021-08-30,168423,0.379634,0.17959,0.146524,0.146767,0.147485
2021-08-31,156061,0.372779,0.157596,0.18548,0.15496,0.129185
2021-09-01,243585,0.290801,0.115805,0.186824,0.305662,0.100908
2021-09-02,281781,0.32635,0.179468,0.239808,0.155627,0.098747
2021-09-03,371145,0.355228,0.150309,0.254334,0.119887,0.120243
2021-09-04,282145,0.420717,0.138514,0.249895,0.084102,0.106773
2021-09-05,281714,0.381404,0.120042,0.277556,0.098139,0.122859
2021-09-06,143828,0.345425,0.189672,0.235108,0.091844,0.137951
2021-09-07,212831,0.339112,0.161802,0.220866,0.164184,0.114037
2021-09-08,148180,0.316524,0.196692,0.221862,0.124943,0.139979
2021-09-09,126031,0.326112,0.179314,0.240374,0.115513,0.138687
2021-09-10,328925,0.319396,0.196889,0.229175,0.124138,0.130403
2021-09-11,309432,0.40155,0.12919,0.25206,0.113375,0.103825
2021-09-12,258379,0.395877,0.133959,0.271139,0.087417,0.111608
2021-09-13,144291,0.323364,0.177707,0.218627,0.134031,0.146271
2021-09-14,87185,0.298543,0.19929,0.242956,0.115213,0.143998
2021-09-15,218288,0.342601,0.162953,0.221533,0.135296,0.137618
2021-09-16,199911,0.324598,0.20765,0.183778,0.139152,0.144823
2021-09-17,171918,0.38548,0.166541,0.185033,0.133756,0.129191
2021-09-18,230817,0.464583,0.114487,0.181909,0.129008,0.110013
2021-09-19,230172,0.438337,0.140148,0.22075,0.07579,0.124974
2021-09-20,182731,0.359019,0.184097,0.158335,0.169111,0.129439
2021-09-21,147128,0.336902,0.191529,0.190541,0.142982,0.138047
2021-09-22,160807,0.40191,0.134575,0.163909,0.154679,0.144927
2021-09-23,160657,0.362837,0.173452,0.15514,0.13768,0.170892
2021-09-24,229823,0.348605,0.182405,0.179923,0.160632,0.128434
2021-09-25,297102,0.408213,0.136429,0.224857,0.094719,0.135782
2021-09-26,260295,0.427786,0.131195,0.189175,0.109188,0.142655
2021-09-27,220462,0.352267,0.175527,0.183288,0.150107,0.138811
2021-09-28,130569,0.339768,0.16028,0.193043,0.148316,0.158594
2021-09-29,110846,0.347199,0.178118,0.179903,0.130322,0.164459
2021-09-30,138992,0.347743,0.177398,0.185325,0.173061,0.116472
2021-10-01,294790,0.295675,0.158929,0.100302,0.337957,0.107137
2021-10-02,314410,0.388385,0.116672,0.244315,0.118618,0.132009
2021-10-03,255337,0.395297,0.125645,0.220542,0.109116,0.1494
2021-10-04,113209,0.344958,0.153882,0.190867,0.156355,0.153938
2021-10-05,181182,0.382446,0.166603,0.186398,0.149989,0.114565
2021-10-06,144672,0.374797,0.154122,0.191249,0.141555,0.138277
2021-10-07,131551,0.342983,0.180676,0.217451,0.132596,0.126294
2021-10-08,229840,0.35072,0.16671,0.189866,0.145973,0.146732
2021-10-09,316694,0.405988,0.143686,0.201452,0.12389,0.124983
2021-10-10,215371,0.371128,0.142582,0.211049,0.132951,0.14229
2021-10-11,168998,0.328286,0.183165,0.201193,0.132951,0.154405
2021-10-12,234251,0.371938,0.196784,0.172464,0.122948,0.135866
2021-10-13,187198,0.412712,0.161224,0.158164,0.14405,0.12385
2021-10-14,168892,0.370723,0.186033,0.168364,0.11313,0.16175
2021-10-15,160383,0.376119,0.179762,0.161892,0.140725,0.141501
2021-10-16,152417,0.403426,0.133483,0.239729,0.115948,0.107414
2021-10-17,197232,0.420934,0.115038,0.228032,0.109816,0.126181
2021-10-18,122276,0.359837,0.201423,0.161837,0.148631,0.128272
2021-10-19,168760,0.369735,0.198229,0.169149,0.11365,0.149237
2021-10-20,160404,0.338844,0.196218,0.168775,0.149569,0.146593
2021-10-21,180491,0.354883,0.161627,0.175342,0.155131,0.153018
2021-10-22,211425,0.336422,0.182154,0.186074,0.151777,0.143573
2021-10-23,215236,0.463055,0.113535,0.202496,0.126962,0.093953
2021-10-24,161510,0.416474,0.141455,0.204539,0.122467,0.115065
2021-10-25,147869,0.382722,0.174687,0.161475,0.141786,0.13933
2021-10-26,171530,0.363886,0.149863,0.169252,0.170701,0.146298
2021-10-27,111694,0.3926,0.170947,0.163124,0.141775,0.131554
2021-10-28,156823,0.349324,0.184609,0.176293,0.144576,0.145197
2021-10-29,202933,0.386291,0.166976,0.156294,0.140216,0.150223
2021-10-30,210300,0.381599,0.127538,0.233398,0.134004,0.123461
2021-10-31,170923,0.399288,0.141443,0.216613,0.113578,0.129079
2021-11-01,300458,0.288645,0.13227,0.089302,0.357126,0.132658
2021-11-02,169846,0.37286,0.182842,0.169149,0.133468,0.141681
2021-11-03,194799,0.387211,0.152465,0.173834,0.128983,0.157507
2021-11-04,145369,0.329215,0.164745,0.199319,0.15458,0.152142
2021-11-05,202011,0.37483,0.163469,0.174667,0.150071,0.136964
2021-11-06,249283,0.437855,0.084506,0.248016,0.111192,0.118432
2021-11-07,379752,0.402229,0.135376,0.219473,0.139199,0.103723
2021-11-08,309717,0.363764,0.156767,0.17762,0.171248,0.1306
2021-11-09,194642,0.38157,0.151051,0.1783,0.143602,0.145478
2021-11-10,255595,0.349182,0.19547,0.189452,0.132127,0.133769
2021-11-11,281728,0.316767,0.110123,0.368287,0.10442,0.100403
2021-11-12,306570,0.34965,0.187265,0.184396,0.129254,0.149436
2021-11-13,267256,0.411683,0.114273,0.253226,0.110366,0.110452
2021-11-14,249460,0.434604,0.113642,0.187187,0.135374,0.129193
2021-11-15,239723,0.384416,0.169094,0.161341,0.140835,0.144313
2021-11-16,211404,0.368365,0.199422,0.18863,0.115617,0.127967
2021-11-17,263538,0.350016,0.156709,0.214951,0.163184,0.11514
2021-11-18,191033,0.365691,0.175937,0.156407,0.159606,0.142359
2021-11-19,205710,0.383923,0.175195,0.148041,0.140064,0.152776
2021-11-20,346221,0.45959,0.103343,0.205298,0.112529,0.119239
2021-11-21,255099,0.391188,0.148472,0.237268,0.119746,0.103326
2021-11-22,258556,0.337272,0.178744,0.261984,0.112196,0.109805
2021-11-23,208624,0.32393,0.164131,0.28295,0.089316,0.139674
2021-11-24,279648,0.329501,0.172885,0.242765,0.13777,0.117078
2021-11-25,196346,0.317929,0.153348,0.263968,0.115084,0.149672
2021-11-26,106773,0.363018,0.171013,0.174967,0.145919,0.145083
2021-11-27,226191,0.446161,0.119137,0.198853,0.096867,0.138982
2021-11-28,250912,0.420739,0.113177,0.242098,0.108314,0.115671
2021-11-29,136545,0.378431,0.148965,0.154346,0.18327,0.134988
2021-11-30,124221,0.348966,0.157351,0.185904,0.146034,0.161745
2021-12-01,168844,0.277594,0.136812,0.203964,0.278377,0.103252
2021-12-02,223489,0.332152,0.190432,0.252039,0.097328,0.128049
2021-12-03,523579,0.313051,0.200307,0.199549,0.122261,0.164833
2021-12-04,364646,0.39468,0.103571,0.298634,0.092936,0.110178
2021-12-05,209674,0.405101,0.102555,0.262475,0.097722,0.132147
2021-12-06,168247,0.317778,0.198559,0.247407,0.107951,0.128306
2021-12-07,214263,0.326071,0.186361,0.246303,0.131285,0.10998
2021-12-08,218175,0.343797,0.173807,0.205389,0.126261,0.150746
2021-12-09,189285,0.335079,0.166759,0.232831,0.119626,0.145705
2021-12-10,228923,0.386278,0.184269,0.205731,0.118856,0.104866
2021-12-11,271549,0.365704,0.146712,0.288605,0.100337,0.098642
2021-12-12,276513,0.366147,0.163627,0.270957,0.10234,0.096928
2021-12-13,159170,0.32027,0.188188,0.273535,0.101515,0.116492
2021-12-14,167503,0.347855,0.191747,0.236515,0.115817,0.108067
2021-12-15,281341,0.305132,0.1803,0.241223,0.118198,0.155146
2021-12-16,242214,0.315095,0.21066,0.220941,0.108733,0.144572
2021-12-17,313689,0.338852,0.177651,0.233189,0.12373,0.126578
2021-12-18,183238,0.414189,0.082275,0.264444,0.118784,0.120308
2021-12-19,223702,0.403948,0.14931,0.242282,0.094627,0.109834
2021-12-20,260529,0.307989,0.17104,0.250308,0.118979,0.151684
2021-12-21,243273,0.335973,0.22347,0.199637,0.117197,0.123723
2021-12-22,306181,0.363505,0.168333,0.257248,0.105547,0.105367
2021-12-23,318582,0.356966,0.186933,0.21589,0.111481,0.128731
2021-12-24,213058,0.334956,0.172006,0.248045,0.137891,0.107102
2021-12-25,421043,0.390265,0.102203,0.29297,0.102995,0.111567
2021-12-26,379116,0.404771,0.14327,0.280384,0.083674,0.0879
2021-12-27,173043,0.336658,0.171967,0.249947,0.125431,0.115997
2021-12-28,245024,0.336071,0.17493,0.234187,0.146219,0.108593
2021-12-29,298856,0.342274,0.182071,0.247782,0.085463,0.142411
2021-12-30,297157,0.327939,0.203821,0.225615,0.122268,0.120356
2021-12-31,226026,0.315408,0.170684,0.244111,0.129095,0.140701
2022-01-01,433424,0.366404,0.088057,0.165401,0.290938,0.089199
2022-01-02,218946,0.416609,0.130852,0.219618,0.103947,0.128974
2022-01-03,174608,0.344829,0.18953,0.166922,0.164943,0.133776
2022-01-04,125836,0.351377,0.181171,0.149449,0.166812,0.151192
2022-01-05,285237,0.36456,0.158191,0.185374,0.143931,0.147944
2022-01-06,210524,0.34775,0.171419,0.152981,0.163752,0.164097
2022-01-07,216921,0.373986,0.187408,0.182061,0.112149,0.144396
2022-01-08,333367,0.428309,0.145967,0.207347,0.082732,0.135646
2022-01-09,309251,0.443316,0.093597,0.213219,0.1388,0.111067
2022-01-10,155500,0.355349,0.216714,0.155515,0.160597,0.111825
2022-01-11,154546,0.365678,0.145492,0.189803,0.153226,0.145801
2022-01-12,237964,0.363895,0.191257,0.152868,0.135685,0.156296
2022-01-13,137990,0.360005,0.202057,0.158052,0.129255,0.150631
2022-01-14,257616,0.332193,0.177563,0.187142,0.147337,0.155765
2022-01-15,288175,0.413003,0.117131,0.23647,0.106914,0.126482
2022-01-16,241707,0.411793,0.111443,0.211689,0.139963,0.125111
2022-01-17,172708,0.357192,0.169051,0.169926,0.143041,0.160789
2022-01-18,213775,0.339127,0.212162,0.166979,0.160118,0.121615
2022-01-19,159064,0.353777,0.176841,0.16569,0.155079,0.148612
2022-01-20,195816,0.336203,0.197729,0.146647,0.167099,0.152322
2022-01-21,239914,0.349368,0.172515,0.166373,0.164882,0.146862
2022-01-22,353749,0.404321,0.14128,0.231574,0.105773,0.117053
2022-01-23,397880,0.410777,0.097009,0.240672,0.111009,0.140533
2022-01-24,288396,0.371508,0.177021,0.160957,0.169335,0.121179
2022-01-25,297234,0.40715,0.157825,0.237952,0.101642,0.095432
2022-01-26,250660,0.431646,0.14735,0.239765,0.089631,0.091609
2022-01-27,337718,0.419,0.143269,0.272026,0.086413,0.079291
2022-01-28,377942,0.406465,0.158295,0.239517,0.077716,0.118007
2022-01-29,395070,0.460825,0.100528,0.30403,0.084793,0.049823
2022-01-30,360961,0.492414,0.120323,0.285717,0.040327,0.061219
2022-01-31,415234,0.412619,0.145284,0.261278,0.082137,0.098683
2022-02-01,104535,0.37226,0.200409,0.042755,0.284203,0.100373
2022-02-02,201438,0.409199,0.250699,0.109714,0.091723,0.138666
2022-02-03,111385,0.415511,0.259934,0.089825,0.101087,0.133642
2022-02-04,153389,0.447332,0.253602,0.114669,0.078416,0.105981
2022-02-05,255994,0.499162,0.2092,0.14867,0.083344,0.059624
2022-02-06,167480,0.464141,0.170967,0.162175,0.100829,0.101888
2022-02-07,116100,0.363307,0.160574,0.215684,0.122218,0.138217
2022-02-08,97947,0.322994,0.200418,0.173038,0.142485,0.161065
2022-02-09,101823,0.358971,0.166867,0.126611,0.16266,0.184891
2022-02-10,159165,0.325337,0.204903,0.15489,0.158688,0.156182
2022-02-11,150282,0.358191,0.170714,0.17628,0.174673,0.120142
2022-02-12,172607,0.412488,0.125245,0.209194,0.143652,0.10942
2022-02-13,211113,0.417489,0.137903,0.187379,0.132114,0.125116
2022-02-14,172494,0.353451,0.185761,0.160123,0.142413,0.158253
2022-02-15,142059,0.334176,0.239679,0.155486,0.14511,0.125549
2022-02-16,90493,0.314295,0.178555,0.194278,0.167907,0.144965
2022-02-17,209394,0.322343,0.164994,0.214487,0.160109,0.138067
2022-02-18,143417,0.343475,0.180759,0.195245,0.136496,0.144025
2022-02-19,193489,0.43696,0.139543,0.202412,0.131237,0.089847
2022-02-20,185852,0.436063,0.112002,0.206281,0.110663,0.134992
2022-02-21,128134,0.346525,0.189656,0.203698,0.133418,0.126703
2022-02-22,205786,0.351815,0.168936,0.160039,0.148427,0.170783
2022-02-23,168636,0.370467,0.18106,0.160794,0.129823,0.157855
2022-02-24,134554,0.355223,0.193026,0.199369,0.134894,0.117489
2022-02-25,221169,0.328388,0.17943,0.169951,0.161797,0.160434
2022-02-26,217708,0.411016,0.123707,0.228924,0.105101,0.131252
2022-02-27,175131,0.437467,0.118188,0.198192,0.132101,0.114052
2022-02-28,114842,0.352643,0.174726,0.163821,0.158055,0.150756
2022-03-01,272057,0.274067,0.143939,0.140734,0.337666,0.103593
2022-03-02,192034,0.394098,0.154721,0.178003,0.144395,0.128782
2022-03-03,193662,0.324749,0.228089,0.177063,0.148303,0.121796
2022-03-04,203896,0.386534,0.170917,0.189364,0.159343,0.093843
2022-03-05,214993,0.456579,0.123831,0.20319,0.111953,0.104448
2022-03-06,214115,0.410296,0.14143,0.198035,0.102145,0.148094
2022-03-07,139129,0.352512,0.19342,0.151328,0.143549,0.159192
2022-03-08,156617,0.355832,0.202538,0.159076,0.130598,0.151956
2022-03-09,128831,0.35322,0.169233,0.167119,0.157533,0.152895
2022-03-10,152429,0.355501,0.182433,0.178279,0.142529,0.141258
2022-03-11,243904,0.357489,0.184236,0.145058,0.134442,0.178776
2022-03-12,306640,0.417014,0.098904,0.235621,0.100426,0.148035
2022-03-13,183290,0.406259,0.128537,0.235445,0.116422,0.113338
2022-03-14,102946,0.356796,0.177041,0.178829,0.140328,0.147006
2022-03-15,131746,0.372223,0.171283,0.182543,0.145488,0.128463
2022-03-16,109904,0.351371,0.171077,0.196439,0.131591,0.149522
2022-03-17,126613,0.359597,0.1735,0.175924,0.150774,0.140204
2022-03-18,170950,0.380648,0.163658,0.179498,0.138076,0.13812
2022-03-19,234437,0.421377,0.139401,0.209833,0.115397,0.113993
2022-03-20,202945,0.422791,0.128071,0.236738,0.096351,0.116049
2022-03-21,100279,0.354917,0.177829,0.179062,0.142863,0.14533
2022-03-22,178624,0.352916,0.178432,0.161114,0.17965,0.127887
2022-03-23,142216,0.374154,0.16797,0.177965,0.136625,0.143285
2022-03-24,151562,0.361692,0.179311,0.191886,0.149648,0.117463
2022-03-25,181876,0.356082,0.195009,0.181128,0.137406,0.130375
2022-03-26,179322,0.428063,0.124914,0.222278,0.120642,0.104103
2022-03-27,148996,0.389681,0.129499,0.196641,0.132158,0.152021
2022-03-28,107629,0.364752,0.197503,0.166808,0.164196,0.106741
2022-03-29,111877,0.362199,0.151083,0.204548,0.137486,0.144685
2022-03-30,129745,0.361916,0.177588,0.152273,0.155212,0.153012
2022-03-31,133245,0.355212,0.175401,0.168211,0.149245,0.151931
2022-04-01,358974,0.301138,0.181889,0.071562,0.316853,0.128559
2022-04-02,271626,0.422016,0.101091,0.217683,0.108302,0.150909
2022-04-03,216945,0.437418,0.135758,0.190019,0.103241,0.133563
2022-04-04,259491,0.380646,0.147034,0.172077,0.157851,0.142391
2022-04-05,169741,0.328241,0.196897,0.167556,0.163014,0.144293
2022-04-06,203355,0.33717,0.173929,0.181071,0.166261,0.141568
2022-04-07,201427,0.343391,0.178524,0.20455,0.139244,0.134291
2022-04-08,173202,0.340822,0.181882,0.14174,0.155654,0.179903
2022-04-09,257048,0.414186,0.116546,0.233811,0.124907,0.11055
2022-04-10,342168,0.394781,0.130921,0.213967,0.144234,0.116097
2022-04-11,168985,0.348182,0.1703,0.152941,0.179051,0.149526
2022-04-12,135817,0.335093,0.214263,0.150403,0.147395,0.152846
2022-04-13,187811,0.331032,0.193054,0.177781,0.160458,0.137675
2022-04-14,223520,0.356414,0.166048,0.181251,0.1512,0.145087
2022-04-15,149278,0.369046,0.192642,0.155114,0.127143,0.156056
2022-04-16,219232,0.396638,0.112586,0.214657,0.121765,0.154354
2022-04-17,164571,0.409881,0.139975,0.206005,0.112278,0.131862
2022-04-18,138713,0.36709,0.179595,0.185069,0.113869,0.154378
2022-04-19,127636,0.347041,0.157415,0.157424,0.177284,0.160837
2022-04-20,114725,0.333805,0.200531,0.178253,0.134359,0.153053
2022-04-21,157165,0.381488,0.17243,0.178363,0.125073,0.142647
2022-04-22,208424,0.375442,0.186872,0.160163,0.139929,0.137594
2022-04-23,188308,0.37898,0.146227,0.23209,0.113799,0.128904
2022-04-24,199729,0.42842,0.108666,0.220118,0.118965,0.123831
2022-04-25,216645,0.352839,0.179294,0.193625,0.138425,0.135817
2022-04-26,108291,0.388593,0.1719,0.171541,0.140152,0.127814
2022-04-27,163376,0.332031,0.177057,0.169982,0.169677,0.151254
2022-04-28,239759,0.350635,0.1732,0.210885,0.143065,0.122215
2022-04-29,171287,0.367181,0.171788,0.172829,0.146045,0.142157
2022-04-30,238256,0.450723,0.100687,0.219106,0.110435,0.119049
2022-05-01,397106,0.351157,0.106642,0.125124,0.308497,0.10858
2022-05-02,262865,0.359972,0.160697,0.182006,0.155595,0.14173
2022-05-03,201168,0.383145,0.150332,0.164402,0.150877,0.151244
2022-05-04,184017,0.37396,0.172384,0.16892,0.152583,0.132152
2022-05-05,210930,0.344287,0.203304,0.168019,0.134577,0.149813
2022-05-06,193870,0.327586,0.187473,0.158938,0.144193,0.181809
2022-05-07,259476,0.40188,0.141902,0.219025,0.086778,0.150415
2022-05-08,226710,0.400818,0.130956,0.198333,0.141809,0.128083
2022-05-09,110829,0.331969,0.197098,0.170498,0.158876,0.14156
2022-05-10,138499,0.336554,0.197821,0.180685,0.133145,0.151795
2022-05-11,180041,0.324182,0.179157,0.191612,0.152098,0.152952
2022-05-12,197274,0.378335,0.161993,0.177313,0.138532,0.143826
2022-05-13,188829,0.360868,0.190686,0.18766,0.133484,0.127302
2022-05-14,181968,0.396314,0.139115,0.218499,0.125149,0.120923
2022-05-15,257886,0.400982,0.126739,0.215647,0.161967,0.094665
2022-05-16,133718,0.36669,0.172433,0.188907,0.134777,0.137193
2022-05-17,207964,0.359285,0.164911,0.17817,0.143259,0.154374
2022-05-18,154176,0.355598,0.201134,0.176246,0.137766,0.129256
2022-05-19,196206,0.335278,0.175225,0.180181,0.167804,0.141512
2022-05-20,224682,0.361351,0.159288,0.178346,0.147749,0.153266
2022-05-21,229987,0.398746,0.118516,0.223646,0.131848,0.127243
2022-05-22,195588,0.400098,0.160963,0.203582,0.10448,0.130878
2022-05-23,147833,0.337475,0.176092,0.17897,0.136906,0.170558
2022-05-24,172232,0.338698,0.185605,0.198382,0.152998,0.124317
2022-05-25,149974,0.37939,0.163095,0.191703,0.152389,0.113423
2022-05-26,214653,0.379813,0.187609,0.166995,0.121303,0.14428
2022-05-27,263495,0.360654,0.173198,0.182217,0.141673,0.142257
2022-05-28,315156,0.388882,0.092508,0.239988,0.142468,0.136154
2022-05-29,138806,0.446369,0.144381,0.187782,0.117574,0.103895
2022-05-30,178578,0.34961,0.19447,0.174029,0.141434,0.140457
2022-05-31,168540,0.365024,0.174953,0.140298,0.154522,0.165203
2022-06-01,289668,0.29961,0.151853,0.108337,0.312714,0.127487
2022-06-02,221053,0.321327,0.182814,0.196582,0.165698,0.133579
2022-06-03,259210,0.373186,0.158911,0.170995,0.145136,0.151772
2022-06-04,295834,0.418201,0.157213,0.228442,0.087359,0.108786
2022-06-05,319683,0.417727,0.118124,0.204137,0.111808,0.148204
2022-06-06,171497,0.374381,0.18588,0.099175,0.163461,0.177103
2022-06-07,213060,0.373187,0.184049,0.160553,0.157327,0.124885
2022-06-08,251684,0.376089,0.187933,0.171271,0.15526,0.109447
2022-06-09,266360,0.317259,0.19274,0.186214,0.166891,0.136896
2022-06-10,255041,0.341141,0.171018,0.209009,0.153027,0.125804
2022-06-11,303798,0.392249,0.158587,0.195514,0.132496,0.121155
2022-06-12,158353,0.3993,0.119341,0.199695,0.147894,0.133771
2022-06-13,202534,0.326594,0.181144,0.168026,0.159258,0.164977
2022-06-14,205214,0.36365,0.190097,0.145156,0.153315,0.147782
2022-06-15,186860,0.345539,0.173416,0.195251,0.130162,0.155632
2022-06-16,213363,0.333373,0.201426,0.179976,0.168316,0.116909
2022-06-17,213152,0.369829,0.175738,0.179248,0.127703,0.147483
2022-06-18,395679,0.428016,0.134768,0.128016,0.142645,0.166555
2022-06-19,321718,0.395523,0.1668,0.201096,0.11877,0.117811
2022-06-20,171357,0.342189,0.184348,0.179614,0.178184,0.115665
2022-06-21,127363,0.385373,0.179712,0.171025,0.124199,0.139692
2022-06-22,170309,0.34319,0.169792,0.191116,0.151498,0.144403
2022-06-23,169347,0.345125,0.192193,0.171784,0.146955,0.143943
2022-06-24,209186,0.385887,0.188156,0.167494,0.11189,0.146572
2022-06-25,340488,0.409633,0.115058,0.251629,0.113505,0.110175
2022-06-26,309699,0.413618,0.146665,0.179941,0.100042,0.159734
2022-06-27,158308,0.346147,0.131189,0.203251,0.166336,0.153076
2022-06-28,125647,0.381092,0.187894,0.15596,0.153903,0.121151
2022-06-29,222605,0.376857,0.191733,0.150222,0.148271,0.132916
2022-06-30,188179,0.346003,0.168526,0.188656,0.135548,0.161266
2022-07-01,320196,0.270659,0.16835,0.114297,0.352446,0.094248
2022-07-02,195498,0.428502,0.128579,0.179527,0.128073,0.135319
2022-07-03,400395,0.403078,0.138864,0.186903,0.142331,0.128824
2022-07-04,239523,0.351685,0.178575,0.194636,0.120401,0.154703
2022-07-05,260865,0.376485,0.170319,0.191551,0.153166,0.108479
2022-07-06,172842,0.331005,0.198347,0.157153,0.158418,0.155077
2022-07-07,211466,0.333204,0.194261,0.168139,0.161315,0.143081
2022-07-08,221050,0.330096,0.208177,0.181237,0.117582,0.162908
2022-07-09,276760,0.422637,0.134449,0.212334,0.099919,0.130661
2022-07-10,307491,0.390337,0.122304,0.211557,0.140263,0.135539
2022-07-11,222574,0.354724,0.185201,0.17606,0.134392,0.149623
2022-07-12,169349,0.351465,0.18021,0.204637,0.124535,0.139153
2022-07-13,127522,0.346065,0.175935,0.160418,0.157222,0.160359
2022-07-14,233020,0.371396,0.163378,0.156318,0.147364,0.161544
2022-07-15,180091,0.393183,0.147067,0.174168,0.15262,0.132962
2022-07-16,335198,0.418662,0.137726,0.210819,0.108928,0.123865
2022-07-17,259108,0.39688,0.114396,0.222178,0.146509,0.120037
2022-07-18,231934,0.353561,0.196858,0.142032,0.156844,0.150706
2022-07-19,230101,0.328408,0.169699,0.188304,0.175507,0.138082
2022-07-20,156833,0.374464,0.168843,0.147515,0.150066,0.159113
2022-07-21,224114,0.369109,0.208087,0.175524,0.125819,0.12146
2022-07-22,129867,0.378079,0.180055,0.132342,0.154846,0.154678
2022-07-23,202788,0.428356,0.110349,0.22278,0.107178,0.131337
2022-07-24,251122,0.404657,0.118693,0.249608,0.101299,0.125744
2022-07-25,140965,0.335676,0.169053,0.169752,0.16855,0.15697
2022-07-26,125912,0.358269,0.198847,0.150284,0.149029,0.143571
2022-07-27,144292,0.369129,0.17926,0.17422,0.164818,0.112572
2022-07-28,214343,0.347431,0.201314,0.13817,0.157399,0.155686
2022-07-29,170311,0.341336,0.185342,0.166619,0.174551,0.132152
2022-07-30,214111,0.396485,0.116988,0.227723,0.136025,0.122779
2022-07-31,220294,0.419376,0.119238,0.206791,0.135296,0.119299
2022-08-01,280905,0.282738,0.152696,0.133831,0.325319,0.105417
2022-08-02,172473,0.358417,0.179356,0.166052,0.138249,0.157927
2022-08-03,323048,0.363114,0.199548,0.148628,0.128343,0.160367
2022-08-04,190490,0.313424,0.182318,0.167155,0.141762,0.195341
2022-08-05,181729,0.341023,0.159976,0.182848,0.167093,0.149059
2022-08-06,215388,0.3812,0.134824,0.22849,0.11097,0.144516
2022-08-07,235529,0.414937,0.12067,0.198851,0.124795,0.140748
2022-08-08,191644,0.38729,0.181661,0.16876,0.145286,0.117003
2022-08-09,227404,0.335586,0.17567,0.186963,0.129234,0.172547
2022-08-10,230679,0.392153,0.1747,0.184777,0.109297,0.139074
2022-08-11,120107,0.37087,0.166168,0.173388,0.142733,0.146841
2022-08-12,179376,0.349382,0.180637,0.195073,0.122267,0.152642
2022-08-13,358556,0.424941,0.158116,0.175548,0.124202,0.117192
2022-08-14,170572,0.395042,0.155311,0.217179,0.122517,0.109951
2022-08-15,154884,0.354914,0.175941,0.178866,0.137831,0.152449
2022-08-16,115587,0.367648,0.152177,0.203711,0.161645,0.114819
2022-08-17,226309,0.360987,0.168853,0.158885,0.161435,0.149839
2022-08-18,126186,0.360844,0.149649,0.207688,0.131121,0.150697
2022-08-19,228018,0.366162,0.174607,0.162407,0.137399,0.159425
2022-08-20,353179,0.396123,0.129913,0.225864,0.139416,0.108684
2022-08-21,237279,0.392139,0.133751,0.212272,0.1002,0.161638
2022-08-22,152489,0.364737,0.182058,0.158356,0.13967,0.155179
2022-08-23,188687,0.392942,0.178885,0.168249,0.152462,0.107462
2022-08-24,187819,0.342407,0.1871,0.178596,0.137882,0.154015
2022-08-25,205596,0.346265,0.179558,0.178268,0.118681,0.177227
2022-08-26,170325,0.366757,0.169422,0.155229,0.152253,0.156339
2022-08-27,213398,0.393962,0.141186,0.215887,0.150818,0.098146
2022-08-28,240117,0.411187,0.142527,0.21245,0.101303,0.132533
2022-08-29,157002,0.392499,0.175274,0.164988,0.14596,0.121279
2022-08-30,147761,0.367129,0.190034,0.162668,0.123206,0.156963
2022-08-31,140159,0.328721,0.18767,0.169585,0.14212,0.171904
2022-09-01,280493,0.268159,0.153528,0.160426,0.291308,0.126579
2022-09-02,329206,0.350695,0.156537,0.239588,0.134567,0.118613
2022-09-03,341861,0.376255,0.160823,0.280521,0.081504,0.100897
2022-09-04,206508,0.360965,0.113875,0.269628,0.132674,0.122858
2022-09-05,245094,0.317264,0.160871,0.228654,0.149529,0.143682
2022-09-06,173183,0.319515,0.178799,0.246874,0.102563,0.15225
2022-09-07,163226,0.308395,0.186889,0.215247,0.145139,0.14433
2022-09-08,178029,0.309807,0.173903,0.224431,0.144707,0.147152
2022-09-09,272852,0.303023,0.192314,0.27314,0.128418,0.103105
2022-09-10,311522,0.402884,0.146492,0.259749,0.078306,0.112569
2022-09-11,253063,0.389262,0.116107,0.263833,0.094714,0.136084
2022-09-12,180670,0.33965,0.177394,0.242486,0.140112,0.100358
2022-09-13,180895,0.312095,0.166491,0.240973,0.128979,0.151462
2022-09-14,280520,0.299617,0.171339,0.242575,0.124952,0.161516
2022-09-15,171221,0.323098,0.156791,0.246657,0.141144,0.132309
2022-09-16,234650,0.358996,0.193439,0.189415,0.101738,0.156412
2022-09-17,262358,0.422184,0.097407,0.22485,0.111056,0.144504
2022-09-18,343785,0.421303,0.131027,0.191539,0.134913,0.121217
2022-09-19,168652,0.340313,0.177422,0.184733,0.161881,0.13565
2022-09-20,220720,0.328564,0.180514,0.206142,0.144162,0.140618
2022-09-21,159943,0.379257,0.179658,0.144386,0.152614,0.144086
2022-09-22,131986,0.364512,0.163369,0.213652,0.1108,0.147667
2022-09-23,297450,0.372512,0.145593,0.177532,0.148355,0.156007
2022-09-24,248211,0.422655,0.150054,0.204708,0.125655,0.096927
2022-09-25,213396,0.383062,0.152842,0.240408,0.09585,0.127837
2022-09-26,149819,0.357813,0.164934,0.176681,0.142839,0.157732
2022-09-27,113423,0.384891,0.173714,0.147095,0.156028,0.138273
2022-09-28,254051,0.339981,0.182111,0.201028,0.139394,0.137485
2022-09-29,271449,0.367433,0.183778,0.167395,0.13906,0.142333
2022-09-30,191801,0.370738,0.179421,0.210267,0.127963,0.111611
2022-10-01,431911,0.363675,0.077164,0.123411,0.326084,0.109666
2022-10-02,258996,0.406877,0.136684,0.182674,0.123385,0.15038
2022-10-03,228737,0.357836,0.191187,0.173734,0.131619,0.145624
2022-10-04,221570,0.3541,0.183371,0.164296,0.168871,0.129362
2022-10-05,181937,0.336451,0.189869,0.201618,0.129241,0.142821
2022-10-06,258130,0.352739,0.160949,0.180042,0.139215,0.167055
2022-10-07,254024,0.379978,0.17358,0.142946,0.141749,0.161747
2022-10-08,182356,0.422681,0.15597,0.194232,0.131263,0.095855
2022-10-09,266137,0.398659,0.124701,0.213689,0.118384,0.144567
2022-10-10,160296,0.351082,0.137087,0.206339,0.151352,0.15414
2022-10-11,184993,0.33268,0.165983,0.197518,0.154398,0.149421
2022-10-12,146864,0.369013,0.187417,0.177477,0.140436,0.125658
2022-10-13,359893,0.3608,0.202776,0.130799,0.187934,0.117692
2022-10-14,239180,0.34753,0.190154,0.175987,0.163565,0.122764
2022-10-15,249334,0.452214,0.102184,0.188791,0.107558,0.149252
2022-10-16,243750,0.428182,0.158156,0.185471,0.117202,0.110989
2022-10-17,181254,0.36498,0.161994,0.165745,0.163666,0.143614
2022-10-18,139770,0.35427,0.194616,0.153669,0.14913,0.148314
2022-10-19,201964,0.314543,0.177567,0.191158,0.141684,0.175048
2022-10-20,191766,0.359675,0.168031,0.175314,0.149859,0.147121
2022-10-21,237544,0.369229,0.192642,0.19591,0.137694,0.104526
2022-10-22,186446,0.419567,0.132384,0.191214,0.13075,0.126084
2022-10-23,258831,0.447057,0.111567,0.221548,0.094617,0.12521
2022-10-24,170605,0.363858,0.16182,0.186233,0.150443,0.137646
2022-10-25,172487,0.365252,0.209768,0.169646,0.148388,0.106946
2022-10-26,163426,0.350157,0.196872,0.17215,0.15886,0.121961
2022-10-27,212363,0.374908,0.17085,0.155621,0.159836,0.138785
2022-10-28,266029,0.390648,0.178416,0.195301,0.134608,0.101026
2022-10-29,192098,0.43252,0.110306,0.181241,0.125204,0.150729
2022-10-30,276515,0.414433,0.110876,0.233051,0.119947,0.121693
2022-10-31,157423,0.374902,0.171896,0.181063,0.130866,0.141274
2022-11-01,240987,0.292683,0.162581,0.113878,0.342692,0.088167
2022-11-02,348120,0.338031,0.188543,0.173006,0.148248,0.152173
2022-11-03,328028,0.395457,0.160856,0.177363,0.124289,0.142036
2022-11-04,289460,0.349343,0.202814,0.172517,0.141125,0.134201
2022-11-05,271179,0.383068,0.134266,0.223114,0.122889,0.136663
2022-11-06,294901,0.419978,0.097511,0.224433,0.131327,0.126752
2022-11-07,228082,0.379194,0.193256,0.169985,0.118976,0.138589
2022-11-08,186964,0.394668,0.173658,0.146197,0.146888,0.13859
2022-11-09,268886,0.329388,0.192215,0.153001,0.158462,0.166934
2022-11-10,259342,0.351587,0.169742,0.169048,0.152638,0.156986
2022-11-11,419325,0.344804,0.116703,0.385801,0.071656,0.081036
2022-11-12,303593,0.435693,0.120275,0.18832,0.127707,0.128005
2022-11-13,252155,0.375665,0.114661,0.228593,0.128538,0.152543
2022-11-14,241472,0.31947,0.190131,0.19321,0.149462,0.147726
2022-11-15,255034,0.357296,0.159797,0.19364,0.149538,0.139729
2022-11-16,206449,0.341638,0.20211,0.172637,0.155537,0.128078
2022-11-17,228991,0.363782,0.139102,0.178483,0.150416,0.168218
2022-11-18,265795,0.3654,0.172663,0.154218,0.141191,0.166528
2022-11-19,316399,0.39174,0.110184,0.2265,0.136754,0.134822
2022-11-20,234299,0.393069,0.117252,0.22712,0.133362,0.129197
2022-11-21,145690,0.338489,0.172171,0.195497,0.144061,0.149782
2022-11-22,360824,0.281814,0.194888,0.269087,0.109266,0.144946
2022-11-23,179137,0.321431,0.184451,0.273108,0.115628,0.105383
2022-11-24,380740,0.329711,0.20782,0.277543,0.108102,0.076824
2022-11-25,307938,0.330366,0.164094,0.273936,0.103011,0.128593
2022-11-26,220004,0.437088,0.121657,0.225027,0.100887,0.115341
2022-11-27,281552,0.417774,0.134931,0.206339,0.097579,0.143377
2022-11-28,203051,0.343016,0.215277,0.180658,0.143891,0.117158
2022-11-29,143156,0.375374,0.198006,0.187727,0.128266,0.110627
2022-11-30,176816,0.364754,0.178789,0.170727,0.148769,0.136961
2022-12-01,252075,0.297865,0.158433,0.128935,0.353237,0.06153
2022-12-02,366929,0.326467,0.173114,0.225621,0.132331,0.142467
2022-12-03,606868,0.410977,0.146115,0.246573,0.088156,0.108179
2022-12-04,305197,0.354849,0.14629,0.269669,0.115373,0.113819
2022-12-05,216437,0.309378,0.180216,0.216175,0.148764,0.145467
2022-12-06,251068,0.322904,0.195633,0.245357,0.141219,0.094886
2022-12-07,148888,0.334989,0.182227,0.205513,0.14816,0.129111
2022-12-08,249908,0.320953,0.166358,0.254775,0.127775,0.130139
2022-12-09,254878,0.356048,0.198149,0.214312,0.13202,0.099471
2022-12-10,368511,0.440338,0.141132,0.259397,0.056798,0.102335
2022-12-11,279169,0.373147,0.111002,0.291367,0.06817,0.156313
2022-12-12,259576,0.33956,0.187495,0.221541,0.124118,0.127286
2022-12-13,349696,0.327491,0.178802,0.218407,0.131628,0.143672
2022-12-14,174716,0.359439,0.164862,0.223891,0.115629,0.136179
2022-12-15,334279,0.296335,0.165091,0.228504,0.154851,0.155218
2022-12-16,299570,0.327198,0.1704,0.261325,0.089569,0.151508
2022-12-17,268839,0.393874,0.125246,0.279576,0.074912,0.126392
2022-12-18,214382,0.368071,0.125396,0.319698,0.08565,0.101184
2022-12-19,514032,0.295757,0.154694,0.25396,0.128546,0.167043
2022-12-20,298230,0.334089,0.187052,0.223121,0.108255,0.147484
2022-12-21,338246,0.301438,0.177869,0.251351,0.107603,0.161739
2022-12-22,509462,0.332724,0.189246,0.218868,0.126578,0.132584
2022-12-23,512676,0.338478,0.170659,0.247392,0.120179,0.123292
2022-12-24,595228,0.433314,0.144143,0.271979,0.071428,0.079136
2022-12-25,356199,0.387954,0.118767,0.249139,0.103255,0.140885
2022-12-26,190251,0.304514,0.177414,0.258193,0.135761,0.124117
2022-12-27,253986,0.335552,0.211578,0.17903,0.120804,0.153036
2022-12-28,335138,0.335804,0.185892,0.212966,0.138436,0.126901
2022-12-29,355646,0.314901,0.196543,0.219037,0.126853,0.142667
2022-12-30,355101,0.367393,0.183211,0.243063,0.097045,0.109288
2022-12-31,426635,0.370001,0.127704,0.272477,0.115279,0.114539
2023-01-01,467658,0.362051,0.107273,0.130055,0.308894,0.091728
2023-01-02,155441,0.335147,0.193896,0.186804,0.14103,0.143123
2023-01-03,208231,0.35346,0.177314,0.175314,0.14395,0.149962
2023-01-04,195473,0.338041,0.186466,0.205402,0.119698,0.150393
2023-01-05,273101,0.359668,0.192413,0.170383,0.133283,0.144253
2023-01-06,347144,0.348586,0.177144,0.1989,0.139989,0.13538
2023-01-07,311374,0.445358,0.116889,0.208179,0.08145,0.148125
2023-01-08,349812,0.449717,0.144462,0.17656,0.094665,0.134596
2023-01-09,295307,0.372707,0.161124,0.191145,0.130896,0.144128
2023-01-10,231460,0.341314,0.191461,0.186648,0.126269,0.154309
2023-01-11,393159,0.39343,0.155867,0.140204,0.173781,0.136718
2023-01-12,264915,0.319954,0.215513,0.180644,0.117353,0.166537
2023-01-13,318543,0.345603,0.188717,0.142171,0.154239,0.16927
2023-01-14,488292,0.42455,0.128457,0.218423,0.105301,0.123269
2023-01-15,437633,0.457341,0.087575,0.31279,0.063393,0.078901
2023-01-16,261418,0.410048,0.191635,0.225403,0.095428,0.077486
2023-01-17,300457,0.384766,0.165097,0.270732,0.122258,0.057146
2023-01-18,317909,0.397029,0.158558,0.233732,0.093917,0.116763
2023-01-19,359943,0.396134,0.191784,0.241098,0.094543,0.076441
2023-01-20,544186,0.423732,0.207864,0.238322,0.071719,0.058363
2023-01-21,379068,0.455519,0.106797,0.311248,0.060098,0.066338
2023-01-22,112103,0.503066,0.190978,0.118055,0.088093,0.099809
2023-01-23,134626,0.454037,0.263019,0.093807,0.091694,0.097444
2023-01-24,165660,0.46191,0.219477,0.094522,0.09417,0.129921
2023-01-25,128693,0.411825,0.230678,0.141878,0.099074,0.116546
2023-01-26,202024,0.429513,0.236415,0.067357,0.085946,0.180769
2023-01-27,126349,0.423778,0.224993,0.13538,0.098934,0.116915
2023-01-28,164668,0.416828,0.129199,0.224437,0.08758,0.141955
2023-01-29,308259,0.380484,0.11811,0.235195,0.122185,0.144026
2023-01-30,178307,0.327518,0.1816,0.197271,0.151406,0.142205
2023-01-31,155097,0.351308,0.178821,0.194827,0.146509,0.128535
2023-02-01,183623,0.311395,0.157173,0.103988,0.314105,0.113338
2023-02-02,168900,0.344613,0.194197,0.156842,0.135687,0.168661
2023-02-03,225906,0.379015,0.174368,0.151618,0.153313,0.141686
2023-02-04,273390,0.401909,0.134376,0.24221,0.124818,0.096686
2023-02-05,191658,0.450185,0.116719,0.189788,0.115952,0.127356
2023-02-06,155125,0.365348,0.159869,0.197024,0.115332,0.162427
2023-02-07,123672,0.392487,0.168593,0.188312,0.098942,0.151665
2023-02-08,163766,0.337064,0.2138,0.170815,0.127331,0.150991
2023-02-09,235946,0.350634,0.156906,0.190082,0.147543,0.154834
2023-02-10,205134,0.348138,0.151329,0.226525,0.128595,0.145413
2023-02-11,242770,0.41362,0.126932,0.232955,0.088502,0.137991
2023-02-12,172817,0.436043,0.113438,0.191451,0.128052,0.131015
2023-02-13,187205,0.32876,0.201371,0.194086,0.138034,0.13775
2023-02-14,173614,0.351718,0.194719,0.146963,0.172726,0.133874
2023-02-15,185451,0.380029,0.17326,0.169807,0.119129,0.157775
2023-02-16,188915,0.313559,0.17792,0.197255,0.163333,0.147933
2023-02-17,206505,0.328848,0.16447,0.192619,0.156686,0.157377
2023-02-18,237621,0.406537,0.121893,0.211315,0.128513,0.131743
2023-02-19,208044,0.405392,0.153078,0.21294,0.102718,0.125872
2023-02-20,182967,0.334919,0.197128,0.171858,0.127639,0.168457
2023-02-21,139335,0.36853,0.156639,0.195504,0.164919,0.114407
2023-02-22,140974,0.370752,0.188321,0.140902,0.149986,0.150038
2023-02-23,239061,0.362873,0.183406,0.161443,0.119362,0.172915
2023-02-24,123029,0.374195,0.164238,0.158564,0.141646,0.161357
2023-02-25,314891,0.414103,0.103731,0.225372,0.139742,0.117053
2023-02-26,160993,0.41161,0.123255,0.183011,0.116193,0.165931
2023-02-27,98729,0.353395,0.168919,0.176282,0.162535,0.138869
2023-02-28,205522,0.343545,0.203809,0.145668,0.157739,0.149239
2023-03-01,305463,0.261903,0.174563,0.105173,0.342239,0.116123
2023-03-02,262272,0.364016,0.166554,0.17197,0.139177,0.158282
2023-03-03,215099,0.341816,0.176552,0.172265,0.153444,0.155923
2023-03-04,215635,0.441297,0.135509,0.209818,0.08496,0.128416
2023-03-05,232836,0.433633,0.098755,0.202395,0.118942,0.146274
2023-03-06,156117,0.373003,0.169628,0.169557,0.175898,0.111913
2023-03-07,151581,0.309743,0.187532,0.19805,0.167798,0.136877
2023-03-08,133684,0.355614,0.159286,0.170382,0.176758,0.137959
2023-03-09,172496,0.347874,0.191321,0.166091,0.149939,0.144774
2023-03-10,203196,0.378589,0.201941,0.160344,0.129369,0.129758
2023-03-11,159313,0.439224,0.099202,0.220556,0.117731,0.123287
2023-03-12,186361,0.399157,0.124758,0.211353,0.121966,0.142765
2023-03-13,139500,0.366171,0.155763,0.196317,0.135924,0.145826
2023-03-14,159581,0.390309,0.171096,0.172355,0.124257,0.141983
2023-03-15,143306,0.346474,0.170257,0.155115,0.157619,0.170535
2023-03-16,109415,0.361089,0.165919,0.177085,0.140254,0.155652
2023-03-17,212807,0.337385,0.175912,0.190276,0.150644,0.145783
2023-03-18,164706,0.42069,0.120763,0.228873,0.110108,0.119567
2023-03-19,151383,0.429092,0.124233,0.202071,0.11276,0.131844
2023-03-20,146909,0.357452,0.191664,0.151534,0.157185,0.142164
2023-03-21,120752,0.359474,0.160794,0.15568,0.15774,0.166313
2023-03-22,137695,0.351307,0.187099,0.169982,0.155131,0.136481
2023-03-23,142867,0.324671,0.192681,0.172517,0.145092,0.16504
2023-03-24,152711,0.382333,0.19519,0.124122,0.171719,0.126636
2023-03-25,200243,0.398701,0.137602,0.232842,0.121382,0.109473
2023-03-26,162988,0.413396,0.129485,0.215376,0.112212,0.12953
2023-03-27,120861,0.334408,0.18235,0.160389,0.171626,0.151226
2023-03-28,94859,0.339589,0.181249,0.199204,0.130938,0.149019
2023-03-29,145432,0.340426,0.158091,0.175451,0.164462,0.161569
2023-03-30,182709,0.372025,0.157992,0.193515,0.111065,0.165404
2023-03-31,236033,0.363688,0.165782,0.174801,0.147139,0.14859
2023-04-01,428077,0.370076,0.106119,0.15641,0.292536,0.074859
2023-04-02,321251,0.438267,0.114304,0.206769,0.101954,0.138706
2023-04-03,196476,0.337224,0.186766,0.171536,0.14628,0.158194
2023-04-04,192101,0.344004,0.14265,0.201743,0.15636,0.155243
2023-04-05,202940,0.302193,0.199808,0.184638,0.168098,0.145263
2023-04-06,229242,0.350331,0.170037,0.179415,0.149606,0.150611
2023-04-07,145620,0.354553,0.182037,0.181856,0.168594,0.11296
2023-04-08,266734,0.399004,0.122716,0.217303,0.127306,0.13367
2023-04-09,160905,0.408065,0.129957,0.204054,0.112431,0.145492
2023-04-10,131795,0.38165,0.184518,0.172271,0.108125,0.153435
2023-04-11,174910,0.354396,0.182665,0.152727,0.144688,0.165525
2023-04-12,108322,0.344382,0.180914,0.202792,0.133797,0.138115
2023-04-13,165550,0.356151,0.194661,0.163035,0.137395,0.148758
2023-04-14,168593,0.330883,0.159564,0.209816,0.145351,0.154387
2023-04-15,317018,0.425696,0.131676,0.217646,0.092041,0.13294
2023-04-16,208166,0.381573,0.144036,0.186452,0.150825,0.137114
2023-04-17,198140,0.389275,0.157724,0.170164,0.146621,0.136216
2023-04-18,139007,0.33533,0.190227,0.185567,0.144263,0.144613
2023-04-19,213860,0.329912,0.177968,0.176021,0.16622,0.149879
2023-04-20,236318,0.38196,0.165078,0.177255,0.167699,0.108009
2023-04-21,174204,0.366254,0.198217,0.158428,0.150342,0.126758
2023-04-22,178631,0.402873,0.121908,0.222366,0.10977,0.143084
2023-04-23,178422,0.390977,0.132921,0.200822,0.111659,0.163621
2023-04-24,129186,0.374569,0.178646,0.159941,0.131105,0.155739
2023-04-25,157465,0.372305,0.178797,0.123117,0.165907,0.159874
2023-04-26,294975,0.368975,0.187836,0.14261,0.140054,0.160525
2023-04-27,220913,0.34503,0.198957,0.169102,0.140325,0.146586
2023-04-28,217663,0.348787,0.171577,0.158452,0.161673,0.159511
2023-04-29,223750,0.407378,0.112177,0.243846,0.109301,0.127299
2023-04-30,320307,0.432173,0.122486,0.208228,0.104745,0.132367
2023-05-01,411338,0.324003,0.153299,0.10485,0.304759,0.113089
2023-05-02,322041,0.334892,0.17752,0.199497,0.123881,0.164209
2023-05-03,313947,0.343834,0.168897,0.168278,0.169515,0.149476
2023-05-04,243313,0.351641,0.155453,0.220512,0.128698,0.143696
2023-05-05,359868,0.338402,0.198236,0.148908,0.170573,0.143881
2023-05-06,344049,0.392763,0.151823,0.248777,0.074187,0.13245
2023-05-07,339385,0.41928,0.118348,0.222509,0.132539,0.107324
2023-05-08,204275,0.35075,0.166089,0.163289,0.146544,0.173328
2023-05-09,181074,0.319326,0.188759,0.177123,0.173423,0.141368
2023-05-10,243372,0.375229,0.171811,0.160285,0.163345,0.12933
2023-05-11,212249,0.352536,0.156782,0.216071,0.140966,0.133645
2023-05-12,303329,0.322761,0.176997,0.213328,0.136774,0.150141
2023-05-13,182327,0.425608,0.135156,0.193563,0.114589,0.131084
2023-05-14,253434,0.410194,0.098121,0.212642,0.128141,0.150902
2023-05-15,218235,0.351541,0.198208,0.176348,0.117429,0.156476
2023-05-16,199614,0.351418,0.188084,0.192077,0.146035,0.122386
2023-05-17,180434,0.386363,0.150769,0.181028,0.146091,0.135748
2023-05-18,244252,0.360826,0.182374,0.159896,0.14741,0.149494
2023-05-19,270476,0.348949,0.185907,0.176722,0.139485,0.148936
2023-05-20,247568,0.420502,0.125124,0.217132,0.10905,0.128192
2023-05-21,268768,0.424066,0.143869,0.205053,0.090952,0.136061
2023-05-22,189692,0.334843,0.197901,0.172816,0.151329,0.143111
2023-05-23,171713,0.368304,0.208513,0.189703,0.141041,0.092439
2023-05-24,170513,0.358716,0.180161,0.155883,0.134827,0.170412
2023-05-25,227337,0.347063,0.191079,0.162802,0.168123,0.130933
2023-05-26,184977,0.365042,0.17089,0.171563,0.127578,0.164927
2023-05-27,226570,0.415564,0.101617,0.237976,0.08674,0.158103
2023-05-28,229976,0.372949,0.144053,0.17378,0.142556,0.166663
2023-05-29,127221,0.338021,0.182077,0.191595,0.160459,0.127848
2023-05-30,143612,0.321952,0.172721,0.175202,0.161813,0.168312
2023-05-31,199453,0.355924,0.168221,0.16632,0.14089,0.168646
2023-06-01,390055,0.317843,0.162808,0.089179,0.308812,0.121357
2023-06-02,280867,0.373533,0.174733,0.185049,0.144144,0.122541
2023-06-03,315716,0.438646,0.088369,0.191361,0.144861,0.136763
2023-06-04,192772,0.406641,0.074479,0.228263,0.14065,0.149966
2023-06-05,253214,0.372871,0.164993,0.189971,0.133341,0.138824
2023-06-06,148702,0.407226,0.182019,0.137258,0.136978,0.13652
2023-06-07,213709,0.356293,0.156491,0.20013,0.156127,0.130959
2023-06-08,208868,0.375694,0.193905,0.173015,0.144195,0.113191
2023-06-09,256221,0.317159,0.198746,0.169187,0.135565,0.179342
2023-06-10,186150,0.387723,0.134005,0.220581,0.127782,0.12991
2023-06-11,298437,0.428298,0.11038,0.188736,0.131724,0.140862
2023-06-12,255989,0.346782,0.165228,0.207444,0.128951,0.151595
2023-06-13,152851,0.341763,0.212014,0.136267,0.147279,0.162677
2023-06-14,146557,0.352568,0.177597,0.156461,0.133029,0.180345
2023-06-15,176067,0.367672,0.179016,0.190705,0.145143,0.117464
2023-06-16,235633,0.354849,0.149436,0.161725,0.165869,0.168121
2023-06-17,279315,0.435065,0.162581,0.185967,0.079828,0.136558
2023-06-18,151439,0.396147,0.132872,0.213558,0.100185,0.157239
2023-06-19,172669,0.322836,0.202236,0.184009,0.125554,0.165365
2023-06-20,251926,0.361577,0.190698,0.147692,0.148412,0.15162
2023-06-21,221816,0.356712,0.17745,0.17288,0.126347,0.166611
2023-06-22,235481,0.320613,0.197619,0.18416,0.122065,0.175543
2023-06-23,299585,0.337579,0.143188,0.222462,0.13996,0.156811
2023-06-24,187291,0.425722,0.136587,0.196152,0.130896,0.110643
2023-06-25,209495,0.406334,0.129966,0.222376,0.119305,0.122019
2023-06-26,152640,0.400055,0.184524,0.170763,0.120982,0.123676
2023-06-27,217835,0.372974,0.172579,0.176578,0.146241,0.131628
2023-06-28,206151,0.339724,0.197634,0.162722,0.141146,0.158774
2023-06-29,180893,0.362055,0.151256,0.182703,0.142703,0.161284
2023-06-30,146220,0.334944,0.17457,0.206638,0.143511,0.140338
2023-07-01,313896,0.371624,0.080345,0.141119,0.319067,0.087845
2023-07-02,453299,0.399379,0.144523,0.199954,0.157283,0.098861
2023-07-03,274051,0.339289,0.194238,0.186937,0.136776,0.142759
2023-07-04,301778,0.351693,0.167401,0.172808,0.13275,0.175347
2023-07-05,314158,0.331189,0.183184,0.173689,0.155795,0.156144
2023-07-06,188390,0.34595,0.204148,0.182095,0.138062,0.129746
2023-07-07,191175,0.343988,0.186097,0.18013,0.135834,0.153951
2023-07-08,320511,0.412858,0.136616,0.214106,0.120367,0.116054
2023-07-09,231089,0.407599,0.128917,0.207792,0.113475,0.142217
2023-07-10,259752,0.372837,0.14795,0.171145,0.145972,0.162096
2023-07-11,203449,0.3464,0.190339,0.172385,0.15736,0.133517
2023-07-12,313316,0.367504,0.179921,0.193312,0.123515,0.135749
2023-07-13,256106,0.346611,0.190314,0.191063,0.137506,0.134506
2023-07-14,198950,0.334124,0.20535,0.197963,0.137072,0.125491
2023-07-15,234566,0.444422,0.118795,0.268316,0.064005,0.104463
2023-07-16,228675,0.410253,0.169511,0.19899,0.1117,0.109545
2023-07-17,190876,0.367331,0.19415,0.148182,0.135734,0.154603
2023-07-18,214531,0.377909,0.191288,0.159733,0.136461,0.134609
2023-07-19,193381,0.331161,0.171638,0.210039,0.141907,0.145255
2023-07-20,327445,0.357978,0.191718,0.183335,0.1434,0.123569
2023-07-21,184156,0.369631,0.168858,0.176264,0.141275,0.143972
2023-07-22,244970,0.432371,0.095653,0.21058,0.109007,0.152389
2023-07-23,201792,0.452429,0.110995,0.187199,0.123678,0.125698
2023-07-24,233644,0.376281,0.169377,0.169877,0.145166,0.139299
2023-07-25,264207,0.353722,0.177397,0.197348,0.149589,0.121943
2023-07-26,296789,0.39121,0.189759,0.133512,0.142518,0.143001
2023-07-27,181848,0.337489,0.178358,0.136664,0.180511,0.166978
2023-07-28,203670,0.375092,0.197582,0.181455,0.138913,0.106957
2023-07-29,224462,0.402003,0.1342,0.233176,0.099779,0.130842
2023-07-30,206342,0.400452,0.126425,0.203854,0.13284,0.136429
2023-07-31,242164,0.344469,0.212846,0.183668,0.140275,0.118742
2023-08-01,276037,0.271693,0.1545,0.129542,0.319137,0.125128
2023-08-02,363027,0.337894,0.198124,0.125586,0.165557,0.172839
2023-08-03,343557,0.324023,0.198663,0.174443,0.149126,0.153744
2023-08-04,250729,0.370135,0.175235,0.175119,0.140122,0.139389
2023-08-05,270717,0.449143,0.132312,0.215499,0.099844,0.103203
2023-08-06,315148,0.394277,0.12546,0.214447,0.118394,0.147422
2023-08-07,167102,0.351515,0.185303,0.148528,0.179832,0.134822
2023-08-08,169263,0.361677,0.142998,0.19731,0.146067,0.151948
2023-08-09,187932,0.370997,0.170856,0.148043,0.171424,0.138679
2023-08-10,211415,0.359409,0.1737,0.138358,0.171116,0.157418
2023-08-11,207116,0.362803,0.188904,0.159987,0.140239,0.148067
2023-08-12,280341,0.444374,0.088594,0.192764,0.128856,0.145412
2023-08-13,216695,0.414104,0.110825,0.21711,0.137442,0.120519
2023-08-14,147205,0.37239,0.165327,0.139553,0.14755,0.17518
2023-08-15,232248,0.386846,0.199369,0.149246,0.117923,0.146617
2023-08-16,224909,0.379147,0.206623,0.160069,0.129383,0.124777
2023-08-17,168801,0.359425,0.191783,0.147633,0.144069,0.15709
2023-08-18,207586,0.352554,0.172276,0.204764,0.136935,0.133471
2023-08-19,230819,0.430224,0.11752,0.216495,0.142573,0.093188
2023-08-20,289644,0.418455,0.134601,0.204102,0.105043,0.137799
2023-08-21,190256,0.350966,0.170169,0.176116,0.160638,0.142111
2023-08-22,170889,0.376732,0.202846,0.17206,0.138947,0.109415
2023-08-23,248388,0.361947,0.173073,0.163077,0.120756,0.181147
2023-08-24,208463,0.359121,0.206956,0.176184,0.137584,0.120155
2023-08-25,304562,0.38133,0.152874,0.194357,0.110117,0.161322
2023-08-26,397092,0.387905,0.119431,0.234859,0.094927,0.162877
2023-08-27,326958,0.40071,0.136609,0.204377,0.13622,0.122085
2023-08-28,174421,0.379832,0.157677,0.192022,0.10991,0.16056
2023-08-29,165458,0.334857,0.163195,0.167374,0.18324,0.151333
2023-08-30,154285,0.353914,0.154413,0.192354,0.163137,0.136182
2023-08-31,184420,0.37511,0.157317,0.179855,0.158457,0.129262
2023-09-01,382451,0.261932,0.139032,0.196428,0.302798,0.09981
2023-09-02,360656,0.356082,0.132027,0.270331,0.102873,0.138687
2023-09-03,412907,0.354016,0.147638,0.257521,0.107734,0.133091
2023-09-04,233778,0.331132,0.207851,0.216442,0.098396,0.146178
2023-09-05,254453,0.344725,0.160852,0.227158,0.12843,0.138834
2023-09-06,198293,0.363544,0.157571,0.237717,0.116345,0.124822
2023-09-07,273915,0.295443,0.175546,0.278252,0.098135,0.152624
2023-09-08,222549,0.350834,0.183301,0.229927,0.105349,0.13059
2023-09-09,347772,0.41317,0.118406,0.2808,0.065293,0.122331
2023-09-10,383434,0.38933,0.133714,0.259741,0.110773,0.106442
2023-09-11,210976,0.365622,0.146432,0.238761,0.117556,0.131628
2023-09-12,196328,0.342827,0.189423,0.230496,0.138993,0.09826
2023-09-13,168073,0.34682,0.204259,0.248899,0.095421,0.1046
2023-09-14,333519,0.319583,0.162518,0.239685,0.116344,0.16187
2023-09-15,163011,0.305501,0.193608,0.228732,0.130813,0.141345
2023-09-16,217101,0.422463,0.094745,0.210292,0.132064,0.140436
2023-09-17,286211,0.38189,0.147234,0.223971,0.116099,0.130807
2023-09-18,207041,0.355366,0.159214,0.138834,0.156634,0.189952
2023-09-19,163469,0.378501,0.176651,0.162646,0.131198,0.151003
2023-09-20,226152,0.367518,0.190026,0.181601,0.13657,0.124285
2023-09-21,255864,0.342527,0.181252,0.158842,0.142297,0.175082
2023-09-22,216617,0.368967,0.170777,0.155843,0.160516,0.143896
2023-09-23,257656,0.418345,0.126992,0.201004,0.129371,0.124289
2023-09-24,238165,0.395976,0.15524,0.227233,0.095633,0.125918
2023-09-25,182477,0.384872,0.158318,0.174336,0.16139,0.121083
2023-09-26,156650,0.324635,0.185167,0.167297,0.170627,0.152273
2023-09-27,200099,0.378204,0.205043,0.170705,0.130882,0.115167
2023-09-28,193163,0.335186,0.170919,0.181253,0.139596,0.173046
2023-09-29,197158,0.348941,0.180069,0.169255,0.147728,0.154007
2023-09-30,264107,0.407705,0.137314,0.22246,0.102861,0.12966
2023-10-01,368095,0.358643,0.097633,0.13682,0.31571,0.091195
2023-10-02,311190,0.380508,0.160989,0.186979,0.142458,0.129066
2023-10-03,290238,0.370469,0.162706,0.17751,0.147381,0.141935
2023-10-04,201507,0.376957,0.185158,0.165286,0.128788,0.143811
2023-10-05,178837,0.339764,0.194173,0.199091,0.155654,0.111318
2023-10-06,217290,0.367814,0.175528,0.182328,0.156975,0.117355
2023-10-07,270760,0.427712,0.110849,0.234907,0.108865,0.117666
2023-10-08,296680,0.455729,0.141861,0.189512,0.081876,0.131022
2023-10-09,218075,0.360386,0.182017,0.161979,0.125883,0.169735
2023-10-10,220154,0.33716,0.18888,0.181457,0.153807,0.138696
2023-10-11,239931,0.341058,0.200877,0.199655,0.12472,0.133691
2023-10-12,216482,0.346331,0.174356,0.167119,0.174086,0.138108
2023-10-13,222119,0.363524,0.19676,0.175108,0.1088,0.155808
2023-10-14,254189,0.442059,0.108191,0.187458,0.121187,0.141105
2023-10-15,392845,0.38673,0.122049,0.220474,0.132526,0.138221
2023-10-16,162232,0.353272,0.192943,0.169436,0.137261,0.147087
2023-10-17,223215,0.36186,0.170688,0.172891,0.14512,0.149442
2023-10-18,180906,0.36511,0.17873,0.190087,0.127759,0.138314
2023-10-19,252026,0.32869,0.196546,0.191438,0.125789,0.157537
2023-10-20,145728,0.365298,0.185357,0.184839,0.123424,0.141082
2023-10-21,367352,0.408321,0.134481,0.223217,0.110951,0.12303
2023-10-22,276306,0.381418,0.140413,0.20967,0.14358,0.12492
2023-10-23,170822,0.339362,0.177046,0.191567,0.158037,0.133988
2023-10-24,257048,0.372058,0.174345,0.189636,0.151196,0.112765
2023-10-25,174642,0.358163,0.126383,0.212146,0.13949,0.163817
2023-10-26,197775,0.360565,0.164242,0.188574,0.142292,0.144327
2023-10-27,180590,0.328134,0.194349,0.189046,0.149676,0.138795
2023-10-28,238940,0.443612,0.110082,0.214987,0.103927,0.127392
2023-10-29,325488,0.38199,0.144315,0.225101,0.106226,0.142367
2023-10-30,185796,0.36181,0.178984,0.175018,0.15273,0.131458
2023-10-31,209724,0.337062,0.218243,0.162826,0.163413,0.118456
2023-11-01,270181,0.285465,0.142669,0.142271,0.352272,0.077323
2023-11-02,347958,0.430208,0.200659,0.121263,0.133401,0.11447
2023-11-03,341534,0.343471,0.167643,0.195412,0.144055,0.14942
2023-11-04,296209,0.441304,0.125453,0.212077,0.106808,0.114358
2023-11-05,299571,0.373144,0.152538,0.243583,0.133079,0.097656
2023-11-06,188398,0.314981,0.194259,0.1783,0.165072,0.147387
2023-11-07,231804,0.356344,0.184693,0.161359,0.171819,0.125785
2023-11-08,344294,0.359321,0.18464,0.173572,0.142395,0.140072
2023-11-09,254521,0.329886,0.178406,0.192713,0.154752,0.144244
2023-11-10,382140,0.384808,0.169236,0.16517,0.121538,0.159248
2023-11-11,497972,0.329691,0.075331,0.413364,0.079745,0.101868
2023-11-12,323824,0.420527,0.113887,0.198558,0.146645,0.120383
2023-11-13,144169,0.342642,0.168426,0.213098,0.137387,0.138447
2023-11-14,138609,0.356688,0.192707,0.168762,0.146413,0.13543
2023-11-15,278556,0.398049,0.169907,0.173069,0.135364,0.12361
2023-11-16,235583,0.354045,0.179698,0.166009,0.169125,0.131124
2023-11-17,297252,0.353554,0.17165,0.187858,0.151374,0.135564
2023-11-18,340313,0.427963,0.090658,0.236953,0.109889,0.134538
2023-11-19,313001,0.408609,0.150387,0.202255,0.097319,0.14143
2023-11-20,252065,0.39025,0.150768,0.171805,0.124107,0.16307
2023-11-21,221434,0.363002,0.182577,0.167296,0.145078,0.142047
2023-11-22,256473,0.320294,0.161881,0.27002,0.116003,0.131802
2023-11-23,242359,0.309534,0.187919,0.259996,0.103521,0.139029
2023-11-24,426407,0.354936,0.166693,0.263907,0.116574,0.09789
2023-11-25,385306,0.382155,0.092157,0.32085,0.101997,0.102841
2023-11-26,363679,0.438538,0.15304,0.20319,0.113024,0.092208
2023-11-27,251552,0.324971,0.208283,0.186533,0.140626,0.139587
2023-11-28,184057,0.318197,0.185286,0.236417,0.126517,0.133583
2023-11-29,203057,0.319361,0.219792,0.150762,0.150207,0.159878
2023-11-30,255510,0.350588,0.17537,0.188684,0.136573,0.148786
2023-12-01,462493,0.258183,0.169593,0.180145,0.300838,0.091241
2023-12-02,457899,0.423527,0.138437,0.25421,0.093566,0.09026
2023-12-03,400779,0.374047,0.139527,0.292221,0.110546,0.083659
2023-12-04,349394,0.330002,0.206211,0.256569,0.084002,0.123216
2023-12-05,324155,0.3142,0.199257,0.262634,0.122241,0.101668
2023-12-06,278451,0.3238,0.170329,0.289436,0.088644,0.12779
2023-12-07,258709,0.316335,0.173203,0.247381,0.125354,0.137727
2023-12-08,297794,0.281987,0.222622,0.219332,0.1372,0.138859
2023-12-09,390030,0.390418,0.129845,0.281177,0.088127,0.110434
2023-12-10,339747,0.381672,0.117088,0.280879,0.105281,0.11508
2023-12-11,267335,0.319901,0.200759,0.234981,0.097153,0.147206
2023-12-12,220366,0.334444,0.17878,0.214427,0.15719,0.115159
2023-12-13,199859,0.354075,0.188226,0.202262,0.149868,0.10557
2023-12-14,184401,0.319525,0.193967,0.24817,0.116191,0.122146
2023-12-15,304266,0.33966,0.191166,0.254538,0.102058,0.112579
2023-12-16,327194,0.384774,0.160702,0.252343,0.095729,0.106452
2023-12-17,308305,0.349204,0.151732,0.30595,0.087962,0.105152
2023-12-18,196367,0.348256,0.18634,0.204674,0.109825,0.150904
2023-12-19,272746,0.3018,0.165869,0.236189,0.125157,0.170984
2023-12-20,251377,0.36091,0.193019,0.213752,0.131264,0.101054
2023-12-21,369260,0.338007,0.194909,0.207928,0.139695,0.119461
2023-12-22,437537,0.3131,0.172509,0.230226,0.160546,0.123619
2023-12-23,482655,0.377201,0.119629,0.265628,0.095505,0.142038
2023-12-24,495024,0.398953,0.125142,0.25253,0.092341,0.131034
2023-12-25,211985,0.345049,0.185176,0.228763,0.117065,0.123948
2023-12-26,343032,0.333181,0.182245,0.256733,0.124205,0.103636
2023-12-27,387783,0.315105,0.202895,0.251238,0.123869,0.106894
2023-12-28,366195,0.304558,0.182186,0.223118,0.147733,0.142405
2023-12-29,438269,0.316879,0.170201,0.228849,0.112593,0.171478
2023-12-30,371503,0.392866,0.126873,0.270668,0.112117,0.097476
2023-12-31,446704,0.402998,0.159998,0.260716,0.092357,0.083931
2024-01-01,260713,0.321885,0.134203,0.112377,0.313815,0.117721
2024-01-02,200182,0.34025,0.186626,0.163366,0.137854,0.171904
2024-01-03,308293,0.371656,0.190477,0.15217,0.160855,0.124842
2024-01-04,235077,0.371138,0.181617,0.164174,0.145087,0.137983
2024-01-05,305333,0.324133,0.17114,0.167645,0.173822,0.163259
2024-01-06,249764,0.351185,0.125028,0.257181,0.126102,0.140504
2024-01-07,206102,0.400557,0.138818,0.236934,0.094387,0.129305
2024-01-08,174152,0.367429,0.190214,0.157695,0.140402,0.14426
2024-01-09,225407,0.379994,0.185756,0.176075,0.153386,0.104789
2024-01-10,217348,0.339164,0.206257,0.155761,0.164124,0.134693
2024-01-11,189812,0.320473,0.166509,0.216273,0.148699,0.148046
2024-01-12,133514,0.339961,0.200948,0.182468,0.120784,0.155839
2024-01-13,220874,0.432906,0.145736,0.217258,0.097396,0.106705
2024-01-14,184512,0.388997,0.117721,0.238235,0.129107,0.125941
2024-01-15,216061,0.392098,0.185232,0.147277,0.160778,0.114616
2024-01-16,154531,0.320948,0.181226,0.174198,0.159105,0.164523
2024-01-17,159798,0.35722,0.17354,0.158822,0.156437,0.153981
2024-01-18,255591,0.356427,0.187795,0.152071,0.149444,0.154263
2024-01-19,292514,0.349885,0.185025,0.18877,0.158306,0.118014
2024-01-20,287493,0.401208,0.111388,0.235772,0.118137,0.133495
2024-01-21,383598,0.44303,0.111994,0.20925,0.112652,0.123075
2024-01-22,164428,0.357391,0.188699,0.14153,0.136867,0.175514
2024-01-23,170995,0.376776,0.177031,0.159948,0.15552,0.130725
2024-01-24,157188,0.358498,0.167855,0.169443,0.163414,0.140791
2024-01-25,225544,0.353219,0.190546,0.14298,0.147293,0.165962
2024-01-26,249393,0.372115,0.1714,0.171999,0.161203,0.123283
2024-01-27,284357,0.431947,0.113804,0.204312,0.134852,0.115085
2024-01-28,266103,0.429929,0.146184,0.200657,0.103618,0.119612
2024-01-29,221059,0.359383,0.200198,0.159588,0.11888,0.161951
2024-01-30,316189,0.343162,0.181293,0.17325,0.141648,0.160648
2024-01-31,294841,0.364116,0.163788,0.176286,0.15848,0.13733
2024-02-01,405681,0.294268,0.158079,0.061628,0.355351,0.130673
2024-02-02,315213,0.346677,0.159448,0.205533,0.170106,0.118236
2024-02-03,554899,0.499703,0.09308,0.300585,0.059007,0.047625
2024-02-04,460782,0.438344,0.120242,0.30592,0.071084,0.064409
2024-02-05,266607,0.386027,0.148222,0.275171,0.078955,0.111626
2024-02-06,429928,0.424002,0.160785,0.222982,0.091357,0.100874
2024-02-07,356245,0.410222,0.179941,0.245053,0.067194,0.09759
2024-02-08,502733,0.394822,0.207536,0.233039,0.072965,0.091638
2024-02-09,549312,0.367519,0.185638,0.253875,0.088512,0.104456
2024-02-10,150432,0.542421,0.206826,0.110713,0.053804,0.086236
2024-02-11,161312,0.480569,0.159838,0.155821,0.094927,0.108844
2024-02-12,94705,0.452965,0.229748,0.080783,0.125707,0.110797
2024-02-13,201129,0.451912,0.236929,0.11833,0.086565,0.106265
2024-02-14,140160,0.437788,0.216427,0.102715,0.120126,0.122944
2024-02-15,152608,0.413327,0.231012,0.105229,0.112724,0.137708
2024-02-16,146216,0.338641,0.14182,0.205024,0.16615,0.148366
2024-02-17,220183,0.466414,0.14649,0.193405,0.102037,0.091655
2024-02-18,198499,0.421832,0.111341,0.200193,0.123399,0.143235
2024-02-19,151059,0.337581,0.179599,0.20158,0.140891,0.14035
2024-02-20,252796,0.348713,0.163518,0.160672,0.152325,0.174773
2024-02-21,110744,0.373556,0.180174,0.159296,0.174077,0.112897
2024-02-22,141620,0.375709,0.166125,0.184475,0.152079,0.121613
2024-02-23,155230,0.335098,0.18403,0.177375,0.147897,0.155601
2024-02-24,218049,0.405981,0.121406,0.232634,0.097986,0.141993
2024-02-25,195463,0.384119,0.129489,0.195297,0.13399,0.157105
2024-02-26,143603,0.368403,0.144344,0.180218,0.147967,0.15907
2024-02-27,126046,0.347883,0.194502,0.162903,0.138395,0.156316
2024-02-28,176474,0.383279,0.201655,0.147345,0.150094,0.117628
2024-02-29,143513,0.354257,0.16619,0.17775,0.156919,0.144885
2024-03-01,271528,0.276211,0.129686,0.095222,0.359035,0.139846
2024-03-02,301207,0.432175,0.12163,0.222793,0.080195,0.143207
2024-03-03,292332,0.42092,0.112247,0.193323,0.144795,0.128714
2024-03-04,182016,0.335352,0.195869,0.181358,0.142615,0.144805
2024-03-05,201933,0.380703,0.169071,0.13208,0.188068,0.130077
2024-03-06,174776,0.347372,0.175146,0.179435,0.160058,0.137989
2024-03-07,175581,0.359868,0.2067,0.175013,0.136202,0.122217
2024-03-08,268894,0.322317,0.19749,0.183646,0.140929,0.155618
2024-03-09,239331,0.402425,0.119486,0.233306,0.119,0.125784
2024-03-10,253368,0.381647,0.118054,0.232568,0.116975,0.150756
2024-03-11,168616,0.348648,0.180115,0.170943,0.14952,0.150775
2024-03-12,170272,0.34302,0.216357,0.183545,0.145164,0.111914
2024-03-13,186662,0.326822,0.188666,0.190936,0.133525,0.160051
2024-03-14,191020,0.39845,0.169741,0.154971,0.159294,0.117544
2024-03-15,184471,0.344778,0.195176,0.183338,0.154509,0.122199
2024-03-16,208633,0.424557,0.126284,0.203628,0.120688,0.124843
2024-03-17,284193,0.408682,0.125264,0.222224,0.124864,0.118966
2024-03-18,148597,0.356296,0.19559,0.189852,0.1393,0.118963
2024-03-19,231341,0.337271,0.189749,0.18211,0.152453,0.138418
2024-03-20,185850,0.37573,0.212871,0.119265,0.136534,0.1556
2024-03-21,218861,0.357928,0.192209,0.151198,0.160683,0.137982
2024-03-22,263187,0.34116,0.209234,0.171664,0.128997,0.148944
2024-03-23,312008,0.395505,0.135599,0.205495,0.113614,0.149787
2024-03-24,173428,0.436018,0.127218,0.176369,0.111288,0.149106
2024-03-25,170097,0.339761,0.177166,0.168178,0.155123,0.159771
2024-03-26,157084,0.353019,0.171024,0.174058,0.16854,0.133359
2024-03-27,266134,0.341216,0.192587,0.188458,0.151838,0.125901
2024-03-28,198931,0.38768,0.15719,0.169202,0.165232,0.120696
2024-03-29,172679,0.367909,0.182102,0.17846,0.128132,0.143397
2024-03-30,279818,0.40682,0.129206,0.235647,0.115059,0.113268
2024-03-31,177198,0.395117,0.124566,0.226643,0.126205,0.127469
2024-04-01,358027,0.258197,0.156348,0.127482,0.314438,0.143534
2024-04-02,231069,0.322443,0.188251,0.190174,0.165419,0.133713
2024-04-03,257137,0.37223,0.177929,0.19301,0.134991,0.12184
2024-04-04,203007,0.339201,0.178993,0.189586,0.121787,0.170434
2024-04-05,218272,0.344176,0.180439,0.196729,0.154353,0.124302
2024-04-06,258200,0.409292,0.113037,0.231996,0.123545,0.12213
2024-04-07,326045,0.419945,0.133065,0.194903,0.114489,0.137599
2024-04-08,122884,0.345909,0.173977,0.178158,0.144611,0.157345
2024-04-09,228948,0.345145,0.172881,0.190325,0.149165,0.142485
2024-04-10,195617,0.359909,0.186577,0.171801,0.135562,0.146151
2024-04-11,238788,0.342708,0.2142,0.164775,0.130899,0.147419
2024-04-12,218396,0.367947,0.162821,0.149682,0.181077,0.138473
2024-04-13,218787,0.410732,0.125767,0.249982,0.091701,0.121817
2024-04-14,140303,0.417274,0.136785,0.182371,0.134795,0.128776
2024-04-15,174214,0.353882,0.180616,0.167905,0.154024,0.143571
2024-04-16,198772,0.378197,0.166065,0.2066,0.150678,0.098461
2024-04-17,197562,0.319232,0.166412,0.194848,0.141469,0.178038
2024-04-18,180134,0.338696,0.177565,0.18968,0.140785,0.153274
2024-04-19,179573,0.342669,0.204322,0.179694,0.137831,0.135484
2024-04-20,367571,0.418902,0.137385,0.208637,0.114285,0.120791
2024-04-21,215881,0.401104,0.145928,0.189075,0.125027,0.138866
2024-04-22,253575,0.370137,0.144145,0.162653,0.179226,0.143839
2024-04-23,166917,0.330318,0.199277,0.178857,0.12229,0.169259
2024-04-24,167005,0.349882,0.183749,0.196115,0.147059,0.123195
2024-04-25,172591,0.371945,0.167373,0.150353,0.173281,0.137048
2024-04-26,223315,0.343546,0.193028,0.17368,0.12713,0.162615
2024-04-27,347146,0.423774,0.128285,0.211394,0.114791,0.121756
2024-04-28,263131,0.379416,0.151138,0.185957,0.121145,0.162343
2024-04-29,217195,0.331991,0.185241,0.181208,0.129028,0.172532
2024-04-30,212958,0.337764,0.169725,0.176028,0.146629,0.169855
2024-05-01,477291,0.285902,0.184084,0.109514,0.363603,0.056896
2024-05-02,276152,0.368729,0.190077,0.154297,0.137783,0.149113
2024-05-03,278399,0.376285,0.160222,0.175187,0.139394,0.148912
2024-05-04,297985,0.39959,0.131218,0.206404,0.130968,0.13182
2024-05-05,295587,0.422638,0.111393,0.218418,0.126679,0.120872
2024-05-06,190773,0.373745,0.178196,0.162661,0.133755,0.151643
2024-05-07,172440,0.36258,0.179735,0.175103,0.159891,0.12269
2024-05-08,132446,0.375618,0.150244,0.178375,0.152907,0.142857
2024-05-09,243306,0.337067,0.180354,0.186411,0.145978,0.15019
2024-05-10,205071,0.379844,0.182604,0.162223,0.136624,0.138705
2024-05-11,207439,0.399196,0.130091,0.225089,0.118583,0.127041
2024-05-12,220083,0.408815,0.159384,0.203398,0.108237,0.120167
2024-05-13,171179,0.392095,0.19096,0.155332,0.127251,0.134361
2024-05-14,270897,0.375449,0.188275,0.175463,0.142344,0.118468
2024-05-15,226000,0.370333,0.206669,0.17708,0.13278,0.113138
2024-05-16,154777,0.38088,0.152157,0.167223,0.165114,0.134627
2024-05-17,189868,0.345203,0.188661,0.174341,0.135229,0.156566
2024-05-18,328222,0.41572,0.145101,0.213901,0.121842,0.103436
2024-05-19,385057,0.413355,0.126176,0.223654,0.108422,0.128393
2024-05-20,222015,0.367929,0.203,0.190824,0.122108,0.116138
2024-05-21,140297,0.343884,0.159535,0.198613,0.124132,0.173835
2024-05-22,169854,0.353781,0.149112,0.198746,0.14385,0.154512
2024-05-23,339959,0.352159,0.181146,0.169592,0.158549,0.138554
2024-05-24,254009,0.382263,0.16485,0.147939,0.148,0.156947
2024-05-25,229934,0.416089,0.110145,0.250585,0.116644,0.106537
2024-05-26,183479,0.437723,0.125916,0.203926,0.095725,0.136709
2024-05-27,110970,0.375906,0.171516,0.159282,0.154575,0.138721
2024-05-28,137012,0.367072,0.17893,0.178361,0.126073,0.149564
2024-05-29,190147,0.349983,0.175431,0.17179,0.1555,0.147296
2024-05-30,244065,0.324839,0.194489,0.189195,0.162268,0.12921
2024-05-31,172108,0.349251,0.161606,0.172395,0.180769,0.135979
2024-06-01,539923,0.374926,0.087398,0.149345,0.297516,0.090815
2024-06-02,656034,0.460428,0.106263,0.21719,0.078866,0.137253
2024-06-03,209655,0.365288,0.175865,0.198314,0.128853,0.13168
2024-06-04,320769,0.379178,0.176086,0.186746,0.128921,0.129068
2024-06-05,221238,0.391724,0.171981,0.157175,0.107778,0.171342
2024-06-06,259837,0.371251,0.15122,0.200107,0.142174,0.135248
2024-06-07,311383,0.372777,0.184767,0.163582,0.15325,0.125624
2024-06-08,313731,0.400613,0.160047,0.211879,0.09262,0.13484
2024-06-09,384790,0.396664,0.126013,0.207814,0.146676,0.122832
2024-06-10,374133,0.369128,0.199782,0.15373,0.150043,0.127317
2024-06-11,216745,0.339524,0.200144,0.159328,0.171732,0.129271
2024-06-12,229240,0.359402,0.169235,0.173088,0.161374,0.136902
2024-06-13,277517,0.322376,0.198117,0.212855,0.142776,0.123877
2024-06-14,402741,0.331684,0.157221,0.178407,0.157555,0.175133
2024-06-15,294648,0.407321,0.131225,0.218641,0.120663,0.12215
2024-06-16,302938,0.427575,0.114168,0.212688,0.138151,0.107417
2024-06-17,152437,0.348711,0.169869,0.19763,0.143732,0.140057
2024-06-18,163596,0.316754,0.160798,0.179855,0.170832,0.171761
2024-06-19,181834,0.337649,0.181103,0.164075,0.162372,0.154802
2024-06-20,214413,0.391443,0.16251,0.183723,0.104257,0.158067
2024-06-21,157552,0.369612,0.148275,0.206762,0.147811,0.12754
2024-06-22,322510,0.420396,0.084392,0.228337,0.139772,0.127104
2024-06-23,359244,0.405156,0.140833,0.213177,0.127388,0.113447
2024-06-24,192302,0.368559,0.174702,0.173871,0.123751,0.159116
2024-06-25,264092,0.32513,0.161377,0.221695,0.127604,0.164194
2024-06-26,226677,0.391447,0.177698,0.16634,0.121267,0.143248
2024-06-27,266875,0.345581,0.194851,0.187256,0.162213,0.110099
2024-06-28,153180,0.381163,0.16136,0.179041,0.136906,0.14153
2024-06-29,346195,0.441347,0.131853,0.237131,0.094061,0.095607
2024-06-30,272528,0.415802,0.098695,0.200509,0.142063,0.142932
2024-07-01,392392,0.304339,0.125788,0.110108,0.34229,0.117475
2024-07-02,221415,0.318407,0.18813,0.190209,0.142199,0.161056
2024-07-03,228431,0.348882,0.182964,0.204786,0.126341,0.137027
2024-07-04,323348,0.352136,0.171466,0.186296,0.172388,0.117713
2024-07-05,245273,0.379228,0.15172,0.163457,0.154463,0.151132
2024-07-06,342741,0.40486,0.149576,0.194026,0.11236,0.139179
2024-07-07,345829,0.379402,0.127622,0.227939,0.126894,0.138143
2024-07-08,190086,0.348326,0.173811,0.200049,0.134975,0.142839
2024-07-09,153923,0.365428,0.193796,0.170511,0.125702,0.144563
2024-07-10,215747,0.372371,0.158482,0.169107,0.160358,0.139681
2024-07-11,196702,0.343917,0.173884,0.173318,0.139883,0.168999
2024-07-12,380528,0.317071,0.184707,0.202997,0.132002,0.163223
2024-07-13,269938,0.424811,0.11428,0.215216,0.103671,0.142021
2024-07-14,294966,0.411265,0.158139,0.2217,0.092625,0.116272
2024-07-15,294558,0.359242,0.176928,0.163392,0.159123,0.141315
2024-07-16,209310,0.362417,0.187301,0.137063,0.188818,0.1244
2024-07-17,189746,0.331671,0.190121,0.181423,0.161698,0.135087
2024-07-18,321608,0.339976,0.155142,0.188814,0.153553,0.162515
2024-07-19,316561,0.349514,0.195775,0.153243,0.121392,0.180075
2024-07-20,224429,0.461052,0.133463,0.200078,0.081192,0.124216
2024-07-21,237027,0.425455,0.147214,0.211287,0.099652,0.116392
2024-07-22,178253,0.363557,0.159985,0.143163,0.159206,0.174089
2024-07-23,170380,0.358734,0.153574,0.205018,0.130645,0.152029
2024-07-24,180431,0.372567,0.18733,0.164776,0.149056,0.126272
2024-07-25,225853,0.374104,0.159938,0.202796,0.111143,0.152018
2024-07-26,260018,0.359136,0.198736,0.170198,0.134629,0.137301
2024-07-27,393928,0.418986,0.124022,0.216446,0.126702,0.113843
2024-07-28,237080,0.402662,0.141772,0.1945,0.144914,0.116153
2024-07-29,275295,0.356899,0.166668,0.171439,0.139717,0.165276
2024-07-30,156696,0.396182,0.176449,0.146649,0.119724,0.160996
2024-07-31,216971,0.367709,0.213761,0.16582,0.135833,0.116877
2024-08-01,497623,0.312951,0.089547,0.118947,0.364885,0.11367
2024-08-02,464020,0.376705,0.179096,0.138668,0.136329,0.169202
2024-08-03,343312,0.40652,0.107269,0.246046,0.109226,0.130939
2024-08-04,418416,0.407618,0.150557,0.200627,0.114159,0.127039
2024-08-05,285353,0.376145,0.159325,0.159222,0.163081,0.142227
2024-08-06,193112,0.374124,0.169222,0.187243,0.147677,0.121733
2024-08-07,200396,0.347974,0.19622,0.185928,0.138061,0.131817
2024-08-08,227185,0.36429,0.206447,0.147064,0.131837,0.150362
2024-08-09,273483,0.32038,0.204472,0.195376,0.130493,0.149279
2024-08-10,339519,0.391423,0.123743,0.239151,0.108189,0.137495
2024-08-11,346108,0.377437,0.152129,0.230739,0.121072,0.118622
2024-08-12,166345,0.34967,0.175161,0.199997,0.126122,0.14905
2024-08-13,193703,0.34581,0.172509,0.191461,0.151676,0.138545
2024-08-14,236079,0.357711,0.180859,0.188508,0.139625,0.133297
2024-08-15,315858,0.362794,0.181891,0.175696,0.138521,0.141098
2024-08-16,416320,0.35135,0.16018,0.202478,0.127619,0.158374
2024-08-17,283952,0.424776,0.125176,0.2176,0.114753,0.117695
2024-08-18,301627,0.463648,0.12932,0.192971,0.098012,0.116049
2024-08-19,139940,0.323405,0.197542,0.196056,0.156926,0.126071
2024-08-20,214583,0.344667,0.175551,0.189335,0.148281,0.142166
2024-08-21,270971,0.348774,0.180716,0.174655,0.131097,0.164758
2024-08-22,227047,0.322581,0.182071,0.179679,0.179409,0.136261
2024-08-23,264442,0.350844,0.177724,0.180674,0.141166,0.149592
2024-08-24,192634,0.434636,0.121832,0.192996,0.129175,0.12136
2024-08-25,211223,0.426229,0.145019,0.188251,0.100248,0.140252
2024-08-26,156547,0.373399,0.167836,0.167452,0.135068,0.156246
2024-08-27,188109,0.339202,0.213175,0.179502,0.133097,0.135023
2024-08-28,167274,0.379251,0.158691,0.169079,0.164436,0.128542
2024-08-29,165079,0.359542,0.198163,0.153456,0.135393,0.153446
2024-08-30,230562,0.349358,0.169976,0.182397,0.112184,0.186085
2024-08-31,230075,0.430028,0.107214,0.222331,0.098117,0.14231
2024-09-01,600759,0.302339,0.108311,0.187686,0.297738,0.103926
2024-09-02,262693,0.320916,0.208097,0.225791,0.112741,0.132455
2024-09-03,251868,0.323527,0.190937,0.236454,0.117299,0.131784
2024-09-04,256862,0.318306,0.170128,0.253983,0.103613,0.15397
2024-09-05,351956,0.285514,0.20962,0.243651,0.138205,0.123009
2024-09-06,363352,0.340245,0.177917,0.252278,0.107795,0.121764
2024-09-07,221658,0.411856,0.111936,0.261226,0.097838,0.117144
2024-09-08,217987,0.352173,0.118958,0.301552,0.112632,0.114685
2024-09-09,264424,0.31165,0.179834,0.232052,0.150313,0.126152
2024-09-10,177798,0.341457,0.176991,0.250868,0.113947,0.116737
2024-09-11,217140,0.33663,0.187791,0.194855,0.138434,0.14229
2024-09-12,264216,0.328069,0.175865,0.249351,0.120394,0.126321
2024-09-13,303991,0.331806,0.152032,0.213911,0.123901,0.17835
2024-09-14,342159,0.388103,0.104275,0.289048,0.107242,0.111332
2024-09-15,221390,0.365791,0.137352,0.291289,0.102289,0.103279
2024-09-16,290317,0.415459,0.170669,0.166888,0.123509,0.123474
2024-09-17,151367,0.358807,0.192507,0.17456,0.135897,0.138229
2024-09-18,254095,0.356554,0.186352,0.167467,0.137543,0.152084
2024-09-19,241749,0.349366,0.152745,0.191083,0.129093,0.177713
2024-09-20,241250,0.350868,0.17456,0.196128,0.143051,0.135393
2024-09-21,323849,0.415125,0.139825,0.231227,0.107216,0.106606
2024-09-22,355050,0.41225,0.115499,0.201412,0.120638,0.1502
2024-09-23,289614,0.352182,0.189777,0.207336,0.122214,0.128492
2024-09-24,223001,0.348783,0.192103,0.161514,0.143474,0.154125
2024-09-25,307187,0.346942,0.186494,0.165454,0.168384,0.132726
2024-09-26,245844,0.371512,0.169518,0.156533,0.145585,0.156851
2024-09-27,359043,0.344938,0.18642,0.184575,0.138331,0.145735
2024-09-28,245268,0.408397,0.127985,0.232548,0.111411,0.119658
2024-09-29,352286,0.399098,0.107788,0.224362,0.114033,0.15472
2024-09-30,207394,0.339248,0.203255,0.19905,0.107317,0.15113
2024-10-01,432394,0.276058,0.141743,0.104178,0.328819,0.149202
2024-10-02,359404,0.336973,0.174218,0.185489,0.167056,0.136263
2024-10-03,272651,0.347243,0.156761,0.194063,0.154226,0.147708
2024-10-04,314047,0.364239,0.181316,0.191694,0.118735,0.144016
2024-10-05,450882,0.434891,0.139845,0.188839,0.115013,0.121412
2024-10-06,263125,0.394161,0.126993,0.214242,0.147986,0.116618
2024-10-07,217469,0.360018,0.191073,0.183292,0.144135,0.121482
2024-10-08,203484,0.351994,0.181254,0.169386,0.121265,0.176101
2024-10-09,303831,0.310839,0.187711,0.200133,0.142602,0.158715
2024-10-10,275257,0.35208,0.203536,0.162967,0.132646,0.148772
2024-10-11,273870,0.33577,0.195848,0.161656,0.158828,0.147898
2024-10-12,331400,0.419709,0.11353,0.203408,0.139939,0.123414
2024-10-13,272364,0.402823,0.121839,0.21395,0.108394,0.152994
2024-10-14,155710,0.39085,0.172328,0.140215,0.151093,0.145514
2024-10-15,239729,0.322093,0.177834,0.191971,0.158003,0.150099
2024-10-16,311022,0.330995,0.173056,0.178095,0.13832,0.179534
2024-10-17,286575,0.34954,0.185504,0.167976,0.177802,0.119177
2024-10-18,250408,0.363102,0.166458,0.174124,0.172282,0.124034
2024-10-19,256356,0.396034,0.118573,0.257888,0.123365,0.10414
2024-10-20,230800,0.430556,0.132037,0.208367,0.111395,0.117646
2024-10-21,226253,0.340192,0.177882,0.178286,0.140066,0.163574
2024-10-22,253882,0.364598,0.224589,0.145879,0.139549,0.125386
2024-10-23,153195,0.344498,0.182522,0.17136,0.146266,0.155354
2024-10-24,202195,0.352738,0.174105,0.192444,0.15068,0.130033
2024-10-25,247747,0.341878,0.19803,0.148935,0.155486,0.155671
2024-10-26,267220,0.448775,0.126635,0.197668,0.139197,0.087724
2024-10-27,227035,0.395278,0.1262,0.214072,0.125011,0.139439
2024-10-28,198111,0.340366,0.165215,0.18106,0.17263,0.140729
2024-10-29,134187,0.314611,0.159906,0.217404,0.176532,0.131548
2024-10-30,164531,0.318639,0.17614,0.180681,0.159519,0.165021
2024-10-31,279642,0.36692,0.204358,0.166346,0.127019,0.135357
2024-11-01,440216,0.308275,0.139846,0.133931,0.307843,0.110106
2024-11-02,436653,0.429617,0.11029,0.212914,0.124797,0.122383
2024-11-03,331624,0.364794,0.13331,0.23337,0.12718,0.141346
2024-11-04,239311,0.354148,0.185901,0.174337,0.122793,0.162821
2024-11-05,274247,0.354562,0.1756,0.188578,0.126317,0.154944
2024-11-06,260644,0.322807,0.211492,0.161056,0.160571,0.144075
2024-11-07,250985,0.36468,0.165095,0.188278,0.161679,0.120267
2024-11-08,296787,0.389559,0.156838,0.167545,0.160951,0.125108
2024-11-09,402772,0.417944,0.147103,0.208519,0.111174,0.11526
2024-11-10,345870,0.416405,0.145796,0.183133,0.099413,0.155253
2024-11-11,379852,0.287953,0.143956,0.399851,0.087814,0.080427
2024-11-12,279701,0.360719,0.192856,0.1638,0.135078,0.147547
2024-11-13,240245,0.360597,0.174975,0.198902,0.137009,0.128517
2024-11-14,295649,0.329619,0.182707,0.167596,0.148936,0.171142
2024-11-15,280127,0.359119,0.195478,0.193534,0.105411,0.146459
2024-11-16,293013,0.40809,0.120567,0.234896,0.116493,0.119954
2024-11-17,302814,0.391531,0.116835,0.231977,0.115436,0.144222
2024-11-18,255559,0.338713,0.205776,0.167529,0.145886,0.142096
2024-11-19,294044,0.370657,0.146798,0.187173,0.138876,0.156496
2024-11-20,272980,0.366547,0.190294,0.173046,0.137882,0.132232
2024-11-21,313717,0.372955,0.185328,0.18741,0.112401,0.141906
2024-11-22,452410,0.36128,0.179333,0.244162,0.081007,0.134218
2024-11-23,491756,0.357066,0.141181,0.284933,0.086024,0.130796
2024-11-24,417053,0.353778,0.183538,0.283093,0.076301,0.103291
2024-11-25,291006,0.295158,0.199144,0.262352,0.115952,0.127394
2024-11-26,218109,0.357281,0.140138,0.213634,0.131294,0.157654
2024-11-27,277608,0.37701,0.204631,0.147884,0.158851,0.111624
2024-11-28,202291,0.374868,0.186864,0.172991,0.13959,0.125686
2024-11-29,211939,0.32468,0.185926,0.157526,0.162699,0.169168
2024-11-30,345879,0.398306,0.137562,0.192271,0.137529,0.134331
2024-12-01,721515,0.334235,0.102614,0.196661,0.277801,0.08869
2024-12-02,250703,0.356052,0.184813,0.238926,0.12211,0.098098
2024-12-03,290051,0.356464,0.162328,0.252282,0.111104,0.117822
2024-12-04,453069,0.311144,0.138765,0.24804,0.146941,0.15511
2024-12-05,405366,0.302533,0.194299,0.241218,0.108543,0.153407
2024-12-06,470189,0.370513,0.164786,0.217388,0.13046,0.116853
2024-12-07,626265,0.423872,0.094292,0.2944,0.073205,0.114232
2024-12-08,422687,0.400631,0.135658,0.263585,0.080122,0.120004
2024-12-09,225341,0.324418,0.161415,0.235638,0.133804,0.144726
2024-12-10,371092,0.276764,0.159249,0.285232,0.15481,0.123944
2024-12-11,388096,0.343204,0.168695,0.22091,0.115846,0.151345
2024-12-12,283365,0.321144,0.175911,0.228868,0.131726,0.142352
2024-12-13,328520,0.333753,0.180796,0.226551,0.140531,0.118368
2024-12-14,299229,0.393523,0.132027,0.26384,0.071575,0.139035
2024-12-15,325352,0.400836,0.140642,0.240246,0.103322,0.114953
2024-12-16,251727,0.321118,0.180759,0.239046,0.126539,0.132538
2024-12-17,247034,0.359756,0.174033,0.231592,0.113378,0.121242
2024-12-18,220084,0.326386,0.204278,0.268919,0.129477,0.07094
2024-12-19,306820,0.335242,0.186205,0.22516,0.122395,0.130997
2024-12-20,446706,0.303141,0.187651,0.236879,0.110765,0.161564
2024-12-21,763413,0.408276,0.143084,0.263352,0.090214,0.095075
2024-12-22,607490,0.405083,0.143852,0.21467,0.108223,0.128172
2024-12-23,368143,0.327689,0.197539,0.230402,0.102008,0.142361
2024-12-24,363805,0.300037,0.214478,0.240651,0.148712,0.096122
2024-12-25,477193,0.315082,0.20014,0.24512,0.119887,0.119771
2024-12-26,557632,0.325617,0.177574,0.237351,0.132704,0.126754
2024-12-27,423255,0.333669,0.168798,0.234091,0.128658,0.134784
2024-12-28,780272,0.404656,0.138195,0.252104,0.10429,0.100755
2024-12-29,439013,0.377998,0.144196,0.2477,0.098293,0.131814
2024-12-30,327910,0.362145,0.166832,0.223992,0.121916,0.125115
2024-12-31,352689,0.350193,0.187791,0.203099,0.1353,0.123618
2025-01-01,575280,0.282961,0.140249,0.09376,0.356223,0.126807
2025-01-02,460924,0.395286,0.181595,0.174609,0.122428,0.126082
2025-01-03,346576,0.345509,0.161525,0.179049,0.154395,0.159522
2025-01-04,469312,0.413744,0.136896,0.223323,0.11394,0.112098
2025-01-05,295243,0.426591,0.114741,0.230076,0.113472,0.115119
2025-01-06,249645,0.335221,0.181222,0.17896,0.158237,0.146359
2025-01-07,230136,0.345459,0.191647,0.176808,0.154461,0.131625
2025-01-08,225190,0.356752,0.187154,0.183531,0.147526,0.125036
2025-01-09,285272,0.369295,0.162366,0.16275,0.160976,0.144612
2025-01-10,447311,0.357271,0.1746,0.190573,0.138924,0.138631
2025-01-11,250082,0.403524,0.115098,0.207416,0.120666,0.153295
2025-01-12,461352,0.415816,0.125361,0.219231,0.104223,0.135368
2025-01-13,273340,0.331007,0.17841,0.16844,0.156615,0.165527
2025-01-14,275153,0.344417,0.180659,0.173492,0.137296,0.164136
2025-01-15,251762,0.342636,0.185344,0.179145,0.144763,0.148112
2025-01-16,260086,0.377031,0.168046,0.188547,0.120313,0.146062
2025-01-17,436983,0.372344,0.162188,0.174423,0.155474,0.135571
2025-01-18,353251,0.375765,0.128934,0.23567,0.135294,0.124337
2025-01-19,447819,0.402052,0.116097,0.231719,0.125596,0.124536
2025-01-20,231418,0.382376,0.169164,0.159812,0.149254,0.139394
2025-01-21,271645,0.370904,0.122147,0.179793,0.155769,0.171387
2025-01-22,363835,0.373799,0.15048,0.27724,0.091315,0.107166
2025-01-23,439812,0.397997,0.166049,0.266902,0.067945,0.101107
2025-01-24,392059,0.43194,0.124121,0.246552,0.097804,0.099583
2025-01-25,500761,0.45177,0.107401,0.296703,0.06558,0.078545
2025-01-26,589406,0.420502,0.108365,0.289897,0.081428,0.099808
2025-01-27,298044,0.406971,0.165275,0.262956,0.087822,0.076975
2025-01-28,537233,0.379323,0.16009,0.270815,0.052376,0.137397
2025-01-29,66974,0.425403,0.235015,0.131312,0.123797,0.084473
2025-01-30,155597,0.429582,0.253944,0.078868,0.111811,0.125794
2025-01-31,182059,0.453712,0.24479,0.092185,0.093977,0.115337
2025-02-01,260496,0.426085,0.16518,0.055545,0.261464,0.091726
2025-02-02,255743,0.494506,0.189678,0.138736,0.09106,0.086019
2025-02-03,213854,0.420819,0.232868,0.10056,0.125285,0.120468
2025-02-04,196246,0.332777,0.195795,0.213381,0.134675,0.123372
2025-02-05,243184,0.334007,0.173891,0.17046,0.163699,0.157944
2025-02-06,383160,0.344934,0.195584,0.170248,0.138538,0.150696
2025-02-07,197925,0.353697,0.207779,0.14826,0.15588,0.134384
2025-02-08,343536,0.454325,0.095612,0.214594,0.103793,0.131676
2025-02-09,184822,0.417116,0.108411,0.216499,0.105335,0.15264
2025-02-10,174621,0.360388,0.194734,0.145017,0.161263,0.138598
2025-02-11,178600,0.360296,0.196924,0.17238,0.139437,0.130962
2025-02-12,235019,0.350535,0.147444,0.224178,0.135885,0.141958
2025-02-13,212706,0.367859,0.184343,0.180158,0.142008,0.125633
2025-02-14,334475,0.38783,0.176966,0.169115,0.145345,0.120746
2025-02-15,390498,0.418054,0.154883,0.226588,0.069004,0.131471
2025-02-16,289699,0.392455,0.133426,0.224819,0.114274,0.135026
2025-02-17,114980,0.372565,0.140197,0.20783,0.118773,0.160636
2025-02-18,111536,0.324658,0.195559,0.19291,0.121265,0.165608
2025-02-19,156324,0.355624,0.178646,0.161708,0.160584,0.143437
2025-02-20,279968,0.33692,0.188545,0.204334,0.138762,0.131438
2025-02-21,260464,0.371433,0.181073,0.190732,0.13531,0.121452
2025-02-22,323782,0.43555,0.119229,0.18024,0.140521,0.124459
2025-02-23,219124,0.383232,0.138173,0.231164,0.121399,0.126032
2025-02-24,169753,0.364411,0.19111,0.142951,0.170912,0.130616
2025-02-25,163843,0.325769,0.175641,0.201148,0.148358,0.149084
2025-02-26,134930,0.363218,0.194364,0.175926,0.121566,0.144926
2025-02-27,224754,0.348069,0.186659,0.175969,0.158307,0.130996
2025-02-28,231209,0.378662,0.192751,0.15548,0.107148,0.165959
2025-03-01,762192,0.362891,0.1044,0.114749,0.30992,0.10804
2025-03-02,317011,0.43625,0.101414,0.216023,0.108158,0.138154
2025-03-03,337201,0.349504,0.150095,0.205863,0.12294,0.171598
2025-03-04,186542,0.33312,0.179664,0.196236,0.145428,0.145552
2025-03-05,339193,0.349365,0.187987,0.198994,0.139601,0.124053
2025-03-06,216879,0.344562,0.177178,0.168282,0.151383,0.158595
2025-03-07,235140,0.349022,0.190193,0.191504,0.129671,0.139609
2025-03-08,268249,0.412609,0.115554,0.229521,0.109585,0.132732
2025-03-09,214255,0.40829,0.16493,0.174804,0.110647,0.141329
2025-03-10,202144,0.374741,0.168709,0.16602,0.167224,0.123305
2025-03-11,191616,0.381941,0.161733,0.168329,0.14082,0.147177
2025-03-12,158139,0.332664,0.168346,0.19425,0.160927,0.143814
2025-03-13,199822,0.335873,0.209514,0.156408,0.156773,0.141431
2025-03-14,216654,0.348449,0.181681,0.201166,0.137895,0.130809
2025-03-15,288160,0.401593,0.109115,0.230337,0.130081,0.128874
2025-03-16,235460,0.413444,0.116064,0.243549,0.098724,0.12822
2025-03-17,189537,0.375387,0.180624,0.17851,0.1496,0.115878
2025-03-18,191981,0.325351,0.181612,0.172803,0.163858,0.156376
2025-03-19,180807,0.380606,0.1474,0.185937,0.145953,0.140103
2025-03-20,145775,0.37334,0.173352,0.172926,0.120904,0.159478
2025-03-21,184456,0.328313,0.157032,0.178854,0.159854,0.175947
2025-03-22,303237,0.384033,0.138889,0.21652,0.121902,0.138656
2025-03-23,323400,0.402814,0.108769,0.237399,0.119311,0.131706
2025-03-24,143594,0.365272,0.181064,0.178839,0.143679,0.131146
2025-03-25,200268,0.383124,0.182405,0.170938,0.143325,0.120209
2025-03-26,247856,0.34872,0.195912,0.177479,0.125787,0.1521
2025-03-27,144392,0.323796,0.183256,0.207867,0.139164,0.145917
2025-03-28,272721,0.368215,0.169645,0.170477,0.142254,0.149409
2025-03-29,214747,0.409208,0.158543,0.203879,0.120135,0.108235
2025-03-30,220509,0.389807,0.146306,0.19517,0.142124,0.126593
2025-03-31,171011,0.319042,0.203512,0.198823,0.142472,0.136151
